nspname|relname|relkind|relrowsecurity|relforcerowsecurity|grantee|privs
private|rls_associative_audit|v|f|f|service_role|SELECT
public|accounts|r|t|f|authenticated|DELETE,INSERT,MAINTAIN,REFERENCES,SELECT,TRIGGER,TRUNCATE
public|accounts|r|t|f|service_role|DELETE,INSERT,MAINTAIN,REFERENCES,SELECT,TRIGGER,TRUNCATE,UPDATE
public|app_error_logs|r|t|f|anon|DELETE,INSERT,MAINTAIN,REFERENCES,SELECT,TRIGGER,TRUNCATE,UPDATE
public|app_error_logs|r|t|f|authenticated|DELETE,INSERT,MAINTAIN,REFERENCES,SELECT,TRIGGER,TRUNCATE,UPDATE
public|app_error_logs|r|t|f|service_role|DELETE,INSERT,MAINTAIN,REFERENCES,SELECT,TRIGGER,TRUNCATE,UPDATE
public|app_error_occurrences|r|t|f|anon|DELETE,INSERT,MAINTAIN,REFERENCES,SELECT,TRIGGER,TRUNCATE,UPDATE
public|app_error_occurrences|r|t|f|authenticated|DELETE,INSERT,MAINTAIN,REFERENCES,SELECT,TRIGGER,TRUNCATE,UPDATE
public|app_error_occurrences|r|t|f|service_role|DELETE,INSERT,MAINTAIN,REFERENCES,SELECT,TRIGGER,TRUNCATE,UPDATE
public|app_error_report_events|r|t|f|anon|DELETE,INSERT,MAINTAIN,REFERENCES,SELECT,TRIGGER,TRUNCATE,UPDATE
public|app_error_report_events|r|t|f|authenticated|DELETE,INSERT,MAINTAIN,REFERENCES,SELECT,TRIGGER,TRUNCATE,UPDATE
public|app_error_report_events|r|t|f|service_role|DELETE,INSERT,MAINTAIN,REFERENCES,SELECT,TRIGGER,TRUNCATE,UPDATE
public|app_error_reports|r|t|f|anon|DELETE,INSERT,MAINTAIN,REFERENCES,SELECT,TRIGGER,TRUNCATE,UPDATE
public|app_error_reports|r|t|f|authenticated|DELETE,INSERT,MAINTAIN,REFERENCES,SELECT,TRIGGER,TRUNCATE,UPDATE
public|app_error_reports|r|t|f|service_role|DELETE,INSERT,MAINTAIN,REFERENCES,SELECT,TRIGGER,TRUNCATE,UPDATE
public|app_hidden_screens|r|t|f|anon|DELETE,INSERT,MAINTAIN,REFERENCES,TRIGGER,TRUNCATE,UPDATE
public|app_hidden_screens|r|t|f|authenticated|DELETE,INSERT,MAINTAIN,REFERENCES,SELECT,TRIGGER,TRUNCATE,UPDATE
public|app_hidden_screens|r|t|f|service_role|DELETE,INSERT,MAINTAIN,REFERENCES,SELECT,TRIGGER,TRUNCATE,UPDATE
public|app_table_layouts|r|t|f|anon|DELETE,INSERT,MAINTAIN,REFERENCES,SELECT,TRIGGER,TRUNCATE,UPDATE
public|app_table_layouts|r|t|f|authenticated|DELETE,INSERT,MAINTAIN,REFERENCES,SELECT,TRIGGER,TRUNCATE,UPDATE
public|app_table_layouts|r|t|f|service_role|DELETE,INSERT,MAINTAIN,REFERENCES,SELECT,TRIGGER,TRUNCATE,UPDATE
public|asaas_webhook_events|r|t|f|anon|DELETE,INSERT,MAINTAIN,REFERENCES,SELECT,TRIGGER,TRUNCATE,UPDATE
public|asaas_webhook_events|r|t|f|authenticated|DELETE,INSERT,MAINTAIN,REFERENCES,SELECT,TRIGGER,TRUNCATE,UPDATE
public|asaas_webhook_events|r|t|f|service_role|DELETE,INSERT,MAINTAIN,REFERENCES,SELECT,TRIGGER,TRUNCATE,UPDATE
public|audit_logs|p|t|f|anon|DELETE,MAINTAIN,REFERENCES,SELECT,TRIGGER,TRUNCATE,UPDATE
public|audit_logs|p|t|f|authenticated|DELETE,MAINTAIN,REFERENCES,SELECT,TRIGGER,TRUNCATE,UPDATE
public|audit_logs|p|t|f|service_role|DELETE,INSERT,MAINTAIN,REFERENCES,SELECT,TRIGGER,TRUNCATE,UPDATE
public|audit_logs_2025_09|r|t|f|anon|DELETE,INSERT,MAINTAIN,REFERENCES,SELECT,TRIGGER,TRUNCATE,UPDATE
public|audit_logs_2025_09|r|t|f|authenticated|DELETE,INSERT,MAINTAIN,REFERENCES,SELECT,TRIGGER,TRUNCATE,UPDATE
public|audit_logs_2025_09|r|t|f|service_role|DELETE,INSERT,MAINTAIN,REFERENCES,SELECT,TRIGGER,TRUNCATE,UPDATE
public|audit_logs_2025_10|r|t|f|anon|DELETE,INSERT,MAINTAIN,REFERENCES,SELECT,TRIGGER,TRUNCATE,UPDATE
public|audit_logs_2025_10|r|t|f|authenticated|DELETE,INSERT,MAINTAIN,REFERENCES,SELECT,TRIGGER,TRUNCATE,UPDATE
public|audit_logs_2025_10|r|t|f|service_role|DELETE,INSERT,MAINTAIN,REFERENCES,SELECT,TRIGGER,TRUNCATE,UPDATE
public|audit_logs_2025_11|r|t|f|anon|DELETE,INSERT,MAINTAIN,REFERENCES,SELECT,TRIGGER,TRUNCATE,UPDATE
public|audit_logs_2025_11|r|t|f|authenticated|DELETE,INSERT,MAINTAIN,REFERENCES,SELECT,TRIGGER,TRUNCATE,UPDATE
public|audit_logs_2025_11|r|t|f|service_role|DELETE,INSERT,MAINTAIN,REFERENCES,SELECT,TRIGGER,TRUNCATE,UPDATE
public|audit_logs_2025_12|r|t|f|anon|DELETE,INSERT,MAINTAIN,REFERENCES,SELECT,TRIGGER,TRUNCATE,UPDATE
public|audit_logs_2025_12|r|t|f|authenticated|DELETE,INSERT,MAINTAIN,REFERENCES,SELECT,TRIGGER,TRUNCATE,UPDATE
public|audit_logs_2025_12|r|t|f|service_role|DELETE,INSERT,MAINTAIN,REFERENCES,SELECT,TRIGGER,TRUNCATE,UPDATE
public|audit_logs_2026_01|r|t|f|anon|DELETE,INSERT,MAINTAIN,REFERENCES,SELECT,TRIGGER,TRUNCATE,UPDATE
public|audit_logs_2026_01|r|t|f|authenticated|DELETE,INSERT,MAINTAIN,REFERENCES,SELECT,TRIGGER,TRUNCATE,UPDATE
public|audit_logs_2026_01|r|t|f|service_role|DELETE,INSERT,MAINTAIN,REFERENCES,SELECT,TRIGGER,TRUNCATE,UPDATE
public|audit_logs_2026_02|r|t|f|anon|DELETE,INSERT,MAINTAIN,REFERENCES,SELECT,TRIGGER,TRUNCATE,UPDATE
public|audit_logs_2026_02|r|t|f|authenticated|DELETE,INSERT,MAINTAIN,REFERENCES,SELECT,TRIGGER,TRUNCATE,UPDATE
public|audit_logs_2026_02|r|t|f|service_role|DELETE,INSERT,MAINTAIN,REFERENCES,SELECT,TRIGGER,TRUNCATE,UPDATE
public|audit_logs_2026_03|r|t|f|anon|DELETE,INSERT,MAINTAIN,REFERENCES,SELECT,TRIGGER,TRUNCATE,UPDATE
public|audit_logs_2026_03|r|t|f|authenticated|DELETE,INSERT,MAINTAIN,REFERENCES,SELECT,TRIGGER,TRUNCATE,UPDATE
public|audit_logs_2026_03|r|t|f|service_role|DELETE,INSERT,MAINTAIN,REFERENCES,SELECT,TRIGGER,TRUNCATE,UPDATE
public|audit_logs_2026_04|r|t|f|anon|DELETE,INSERT,MAINTAIN,REFERENCES,SELECT,TRIGGER,TRUNCATE,UPDATE
public|audit_logs_2026_04|r|t|f|authenticated|DELETE,INSERT,MAINTAIN,REFERENCES,SELECT,TRIGGER,TRUNCATE,UPDATE
public|audit_logs_2026_04|r|t|f|service_role|DELETE,INSERT,MAINTAIN,REFERENCES,SELECT,TRIGGER,TRUNCATE,UPDATE
public|audit_logs_2026_05|r|t|f|anon|DELETE,INSERT,MAINTAIN,REFERENCES,SELECT,TRIGGER,TRUNCATE,UPDATE
public|audit_logs_2026_05|r|t|f|authenticated|DELETE,INSERT,MAINTAIN,REFERENCES,SELECT,TRIGGER,TRUNCATE,UPDATE
public|audit_logs_2026_05|r|t|f|service_role|DELETE,INSERT,MAINTAIN,REFERENCES,SELECT,TRIGGER,TRUNCATE,UPDATE
public|audit_logs_2026_06|r|t|f|anon|DELETE,INSERT,MAINTAIN,REFERENCES,SELECT,TRIGGER,TRUNCATE,UPDATE
public|audit_logs_2026_06|r|t|f|authenticated|DELETE,INSERT,MAINTAIN,REFERENCES,SELECT,TRIGGER,TRUNCATE,UPDATE
public|audit_logs_2026_06|r|t|f|service_role|DELETE,INSERT,MAINTAIN,REFERENCES,SELECT,TRIGGER,TRUNCATE,UPDATE
public|audit_logs_2026_07|r|t|f|anon|DELETE,INSERT,MAINTAIN,REFERENCES,SELECT,TRIGGER,TRUNCATE,UPDATE
public|audit_logs_2026_07|r|t|f|authenticated|DELETE,INSERT,MAINTAIN,REFERENCES,SELECT,TRIGGER,TRUNCATE,UPDATE
public|audit_logs_2026_07|r|t|f|service_role|DELETE,INSERT,MAINTAIN,REFERENCES,SELECT,TRIGGER,TRUNCATE,UPDATE
public|audit_logs_2026_08|r|t|f|anon|DELETE,INSERT,MAINTAIN,REFERENCES,SELECT,TRIGGER,TRUNCATE,UPDATE
public|audit_logs_2026_08|r|t|f|authenticated|DELETE,INSERT,MAINTAIN,REFERENCES,SELECT,TRIGGER,TRUNCATE,UPDATE
public|audit_logs_2026_08|r|t|f|service_role|DELETE,INSERT,MAINTAIN,REFERENCES,SELECT,TRIGGER,TRUNCATE,UPDATE
public|audit_logs_2026_09|r|t|f|anon|DELETE,INSERT,MAINTAIN,REFERENCES,SELECT,TRIGGER,TRUNCATE,UPDATE
public|audit_logs_2026_09|r|t|f|authenticated|DELETE,INSERT,MAINTAIN,REFERENCES,SELECT,TRIGGER,TRUNCATE,UPDATE
public|audit_logs_2026_09|r|t|f|service_role|DELETE,INSERT,MAINTAIN,REFERENCES,SELECT,TRIGGER,TRUNCATE,UPDATE
public|audit_logs_2026_10|r|t|f|anon|DELETE,INSERT,MAINTAIN,REFERENCES,SELECT,TRIGGER,TRUNCATE,UPDATE
public|audit_logs_2026_10|r|t|f|authenticated|DELETE,INSERT,MAINTAIN,REFERENCES,SELECT,TRIGGER,TRUNCATE,UPDATE
public|audit_logs_2026_10|r|t|f|service_role|DELETE,INSERT,MAINTAIN,REFERENCES,SELECT,TRIGGER,TRUNCATE,UPDATE
public|audit_logs_2026_11|r|t|f|anon|DELETE,INSERT,MAINTAIN,REFERENCES,SELECT,TRIGGER,TRUNCATE,UPDATE
public|audit_logs_2026_11|r|t|f|authenticated|DELETE,INSERT,MAINTAIN,REFERENCES,SELECT,TRIGGER,TRUNCATE,UPDATE
public|audit_logs_2026_11|r|t|f|service_role|DELETE,INSERT,MAINTAIN,REFERENCES,SELECT,TRIGGER,TRUNCATE,UPDATE
public|audit_logs_2026_12|r|t|f|anon|DELETE,INSERT,MAINTAIN,REFERENCES,SELECT,TRIGGER,TRUNCATE,UPDATE
public|audit_logs_2026_12|r|t|f|authenticated|DELETE,INSERT,MAINTAIN,REFERENCES,SELECT,TRIGGER,TRUNCATE,UPDATE
public|audit_logs_2026_12|r|t|f|service_role|DELETE,INSERT,MAINTAIN,REFERENCES,SELECT,TRIGGER,TRUNCATE,UPDATE
public|audit_logs_default|r|t|f|anon|DELETE,INSERT,MAINTAIN,REFERENCES,SELECT,TRIGGER,TRUNCATE,UPDATE
public|audit_logs_default|r|t|f|authenticated|DELETE,INSERT,MAINTAIN,REFERENCES,SELECT,TRIGGER,TRUNCATE,UPDATE
public|audit_logs_default|r|t|f|service_role|DELETE,INSERT,MAINTAIN,REFERENCES,SELECT,TRIGGER,TRUNCATE,UPDATE
public|auth_login_identifiers|r|t|f|service_role|DELETE,INSERT,MAINTAIN,REFERENCES,SELECT,TRIGGER,TRUNCATE,UPDATE
public|auth_rate_limits|r|t|f|service_role|DELETE,INSERT,MAINTAIN,REFERENCES,SELECT,TRIGGER,TRUNCATE,UPDATE
public|auth_recovery_challenges|r|t|f|service_role|DELETE,INSERT,MAINTAIN,REFERENCES,SELECT,TRIGGER,TRUNCATE,UPDATE
public|auth_user_security_state|r|t|f|anon|DELETE,INSERT,MAINTAIN,REFERENCES,SELECT,TRIGGER,TRUNCATE,UPDATE
public|auth_user_security_state|r|t|f|authenticated|DELETE,INSERT,MAINTAIN,REFERENCES,SELECT,TRIGGER,TRUNCATE,UPDATE
public|auth_user_security_state|r|t|f|service_role|DELETE,INSERT,MAINTAIN,REFERENCES,SELECT,TRIGGER,TRUNCATE,UPDATE
public|balance_drift_snapshots|r|t|f|authenticated|DELETE,INSERT,MAINTAIN,REFERENCES,SELECT,TRIGGER,TRUNCATE,UPDATE
public|balance_drift_snapshots|r|t|f|service_role|DELETE,INSERT,MAINTAIN,REFERENCES,SELECT,TRIGGER,TRUNCATE,UPDATE
public|banks|r|t|f|anon|DELETE,INSERT,MAINTAIN,REFERENCES,TRIGGER,TRUNCATE,UPDATE
public|banks|r|t|f|authenticated|DELETE,INSERT,MAINTAIN,REFERENCES,SELECT,TRIGGER,TRUNCATE,UPDATE
public|banks|r|t|f|service_role|DELETE,INSERT,MAINTAIN,REFERENCES,SELECT,TRIGGER,TRUNCATE,UPDATE
public|categories|r|t|f|anon|DELETE,INSERT,MAINTAIN,REFERENCES,SELECT,TRIGGER,TRUNCATE,UPDATE
public|categories|r|t|f|authenticated|DELETE,INSERT,MAINTAIN,REFERENCES,SELECT,TRIGGER,TRUNCATE,UPDATE
public|categories|r|t|f|service_role|DELETE,INSERT,MAINTAIN,REFERENCES,SELECT,TRIGGER,TRUNCATE,UPDATE
public|categorization_rules|r|t|f|anon|DELETE,INSERT,MAINTAIN,REFERENCES,SELECT,TRIGGER,TRUNCATE,UPDATE
public|categorization_rules|r|t|f|authenticated|DELETE,INSERT,MAINTAIN,REFERENCES,SELECT,TRIGGER,TRUNCATE,UPDATE
public|categorization_rules|r|t|f|service_role|DELETE,INSERT,MAINTAIN,REFERENCES,SELECT,TRIGGER,TRUNCATE,UPDATE
public|category_companies|r|t|f|authenticated|DELETE,INSERT,MAINTAIN,REFERENCES,SELECT,TRIGGER,TRUNCATE,UPDATE
public|category_companies|r|t|f|service_role|DELETE,INSERT,MAINTAIN,REFERENCES,SELECT,TRIGGER,TRUNCATE,UPDATE
public|category_template_chart_links_log|r|t|f|anon|DELETE,INSERT,MAINTAIN,REFERENCES,SELECT,TRIGGER,TRUNCATE,UPDATE
public|category_template_chart_links_log|r|t|f|authenticated|DELETE,INSERT,MAINTAIN,REFERENCES,SELECT,TRIGGER,TRUNCATE,UPDATE
public|category_template_chart_links_log|r|t|f|service_role|DELETE,INSERT,MAINTAIN,REFERENCES,SELECT,TRIGGER,TRUNCATE,UPDATE
public|category_templates|r|t|f|anon|DELETE,INSERT,MAINTAIN,REFERENCES,TRIGGER,TRUNCATE,UPDATE
public|category_templates|r|t|f|authenticated|DELETE,INSERT,MAINTAIN,REFERENCES,SELECT,TRIGGER,TRUNCATE,UPDATE
public|category_templates|r|t|f|service_role|DELETE,INSERT,MAINTAIN,REFERENCES,SELECT,TRIGGER,TRUNCATE,UPDATE
public|chart_account_companies|r|t|f|authenticated|DELETE,INSERT,MAINTAIN,REFERENCES,SELECT,TRIGGER,TRUNCATE,UPDATE
public|chart_account_companies|r|t|f|service_role|DELETE,INSERT,MAINTAIN,REFERENCES,SELECT,TRIGGER,TRUNCATE,UPDATE
public|chart_account_templates|r|t|f|anon|DELETE,INSERT,MAINTAIN,REFERENCES,SELECT,TRIGGER,TRUNCATE,UPDATE
public|chart_account_templates|r|t|f|authenticated|DELETE,INSERT,MAINTAIN,REFERENCES,SELECT,TRIGGER,TRUNCATE,UPDATE
public|chart_account_templates|r|t|f|service_role|DELETE,INSERT,MAINTAIN,REFERENCES,SELECT,TRIGGER,TRUNCATE,UPDATE
public|chart_accounts|r|t|f|anon|DELETE,INSERT,MAINTAIN,REFERENCES,SELECT,TRIGGER,TRUNCATE,UPDATE
public|chart_accounts|r|t|f|authenticated|DELETE,INSERT,MAINTAIN,REFERENCES,SELECT,TRIGGER,TRUNCATE,UPDATE
public|chart_accounts|r|t|f|service_role|DELETE,INSERT,MAINTAIN,REFERENCES,SELECT,TRIGGER,TRUNCATE,UPDATE
public|chart_accounts_root_meta|r|t|f|anon|DELETE,INSERT,MAINTAIN,REFERENCES,TRIGGER,TRUNCATE,UPDATE
public|chart_accounts_root_meta|r|t|f|authenticated|DELETE,INSERT,MAINTAIN,REFERENCES,SELECT,TRIGGER,TRUNCATE,UPDATE
public|chart_accounts_root_meta|r|t|f|service_role|DELETE,INSERT,MAINTAIN,REFERENCES,SELECT,TRIGGER,TRUNCATE,UPDATE
public|cnpj_cache|r|t|f|service_role|DELETE,INSERT,MAINTAIN,REFERENCES,SELECT,TRIGGER,TRUNCATE,UPDATE
public|companies|r|t|f|anon|DELETE,INSERT,MAINTAIN,REFERENCES,SELECT,TRIGGER,TRUNCATE,UPDATE
public|companies|r|t|f|authenticated|DELETE,INSERT,MAINTAIN,REFERENCES,SELECT,TRIGGER,TRUNCATE,UPDATE
public|companies|r|t|f|service_role|DELETE,INSERT,MAINTAIN,REFERENCES,SELECT,TRIGGER,TRUNCATE,UPDATE
public|company_invites|r|t|f|anon|DELETE,INSERT,MAINTAIN,REFERENCES,SELECT,TRIGGER,TRUNCATE,UPDATE
public|company_invites|r|t|f|authenticated|DELETE,INSERT,MAINTAIN,REFERENCES,SELECT,TRIGGER,TRUNCATE,UPDATE
public|company_invites|r|t|f|service_role|DELETE,INSERT,MAINTAIN,REFERENCES,SELECT,TRIGGER,TRUNCATE,UPDATE
public|company_member_profiles|v|f|f|anon|DELETE,INSERT,MAINTAIN,REFERENCES,SELECT,TRIGGER,TRUNCATE,UPDATE
public|company_member_profiles|v|f|f|authenticated|DELETE,INSERT,MAINTAIN,REFERENCES,SELECT,TRIGGER,TRUNCATE,UPDATE
public|company_member_profiles|v|f|f|service_role|DELETE,INSERT,MAINTAIN,REFERENCES,SELECT,TRIGGER,TRUNCATE,UPDATE
public|company_members|r|t|f|anon|DELETE,INSERT,MAINTAIN,REFERENCES,SELECT,TRIGGER,TRUNCATE,UPDATE
public|company_members|r|t|f|authenticated|DELETE,INSERT,MAINTAIN,REFERENCES,SELECT,TRIGGER,TRUNCATE,UPDATE
public|company_members|r|t|f|service_role|DELETE,INSERT,MAINTAIN,REFERENCES,SELECT,TRIGGER,TRUNCATE,UPDATE
public|company_modules|r|t|f|anon|DELETE,INSERT,MAINTAIN,REFERENCES,SELECT,TRIGGER,TRUNCATE,UPDATE
public|company_modules|r|t|f|authenticated|DELETE,INSERT,MAINTAIN,REFERENCES,SELECT,TRIGGER,TRUNCATE,UPDATE
public|company_modules|r|t|f|service_role|DELETE,INSERT,MAINTAIN,REFERENCES,SELECT,TRIGGER,TRUNCATE,UPDATE
public|contact_companies|r|t|f|authenticated|DELETE,INSERT,MAINTAIN,REFERENCES,SELECT,TRIGGER,TRUNCATE,UPDATE
public|contact_companies|r|t|f|service_role|DELETE,INSERT,MAINTAIN,REFERENCES,SELECT,TRIGGER,TRUNCATE,UPDATE
public|contacts|r|t|f|anon|DELETE,INSERT,MAINTAIN,REFERENCES,SELECT,TRIGGER,TRUNCATE,UPDATE
public|contacts|r|t|f|authenticated|DELETE,INSERT,MAINTAIN,REFERENCES,SELECT,TRIGGER,TRUNCATE,UPDATE
public|contacts|r|t|f|service_role|DELETE,INSERT,MAINTAIN,REFERENCES,SELECT,TRIGGER,TRUNCATE,UPDATE
public|cost_center_companies|r|t|f|anon|DELETE,INSERT,MAINTAIN,REFERENCES,SELECT,TRIGGER,TRUNCATE,UPDATE
public|cost_center_companies|r|t|f|authenticated|DELETE,INSERT,MAINTAIN,REFERENCES,SELECT,TRIGGER,TRUNCATE,UPDATE
public|cost_center_companies|r|t|f|service_role|DELETE,INSERT,MAINTAIN,REFERENCES,SELECT,TRIGGER,TRUNCATE,UPDATE
public|cost_centers|r|t|f|anon|DELETE,INSERT,MAINTAIN,REFERENCES,SELECT,TRIGGER,TRUNCATE,UPDATE
public|cost_centers|r|t|f|authenticated|DELETE,INSERT,MAINTAIN,REFERENCES,SELECT,TRIGGER,TRUNCATE,UPDATE
public|cost_centers|r|t|f|service_role|DELETE,INSERT,MAINTAIN,REFERENCES,SELECT,TRIGGER,TRUNCATE,UPDATE
public|coupon_redemptions|r|t|t|authenticated|SELECT
public|coupon_redemptions|r|t|t|service_role|DELETE,INSERT,MAINTAIN,REFERENCES,SELECT,TRIGGER,TRUNCATE,UPDATE
public|coupons|r|t|t|authenticated|DELETE,INSERT,SELECT,UPDATE
public|coupons|r|t|t|service_role|DELETE,INSERT,MAINTAIN,REFERENCES,SELECT,TRIGGER,TRUNCATE,UPDATE
public|credit_card_invoices|r|t|f|authenticated|DELETE,INSERT,MAINTAIN,REFERENCES,SELECT,TRIGGER,TRUNCATE,UPDATE
public|credit_card_invoices|r|t|f|service_role|DELETE,INSERT,MAINTAIN,REFERENCES,SELECT,TRIGGER,TRUNCATE,UPDATE
public|credit_cards|r|t|f|authenticated|DELETE,INSERT,MAINTAIN,REFERENCES,SELECT,TRIGGER,TRUNCATE,UPDATE
public|credit_cards|r|t|f|service_role|DELETE,INSERT,MAINTAIN,REFERENCES,SELECT,TRIGGER,TRUNCATE,UPDATE
public|dp_acesso_concessoes|r|t|f|anon|DELETE,INSERT,MAINTAIN,REFERENCES,SELECT,TRIGGER,TRUNCATE,UPDATE
public|dp_acesso_concessoes|r|t|f|authenticated|DELETE,INSERT,MAINTAIN,REFERENCES,SELECT,TRIGGER,TRUNCATE,UPDATE
public|dp_acesso_concessoes|r|t|f|service_role|DELETE,INSERT,MAINTAIN,REFERENCES,SELECT,TRIGGER,TRUNCATE,UPDATE
public|dp_adiantamento_solicitacoes|r|t|f|anon|DELETE,INSERT,MAINTAIN,REFERENCES,SELECT,TRIGGER,TRUNCATE,UPDATE
public|dp_adiantamento_solicitacoes|r|t|f|authenticated|DELETE,INSERT,MAINTAIN,REFERENCES,SELECT,TRIGGER,TRUNCATE,UPDATE
public|dp_adiantamento_solicitacoes|r|t|f|service_role|DELETE,INSERT,MAINTAIN,REFERENCES,SELECT,TRIGGER,TRUNCATE,UPDATE
public|dp_adicionais_tempo_servico|r|t|f|anon|DELETE,INSERT,MAINTAIN,REFERENCES,SELECT,TRIGGER,TRUNCATE,UPDATE
public|dp_adicionais_tempo_servico|r|t|f|authenticated|DELETE,INSERT,MAINTAIN,REFERENCES,SELECT,TRIGGER,TRUNCATE,UPDATE
public|dp_adicionais_tempo_servico|r|t|f|service_role|DELETE,INSERT,MAINTAIN,REFERENCES,SELECT,TRIGGER,TRUNCATE,UPDATE
public|dp_admissao_regra_cargos|r|t|f|anon|DELETE,INSERT,MAINTAIN,REFERENCES,SELECT,TRIGGER,TRUNCATE,UPDATE
public|dp_admissao_regra_cargos|r|t|f|authenticated|DELETE,INSERT,MAINTAIN,REFERENCES,SELECT,TRIGGER,TRUNCATE,UPDATE
public|dp_admissao_regra_cargos|r|t|f|service_role|DELETE,INSERT,MAINTAIN,REFERENCES,SELECT,TRIGGER,TRUNCATE,UPDATE
public|dp_admissao_regra_parentescos|r|t|f|anon|DELETE,INSERT,MAINTAIN,REFERENCES,SELECT,TRIGGER,TRUNCATE,UPDATE
public|dp_admissao_regra_parentescos|r|t|f|authenticated|DELETE,INSERT,MAINTAIN,REFERENCES,SELECT,TRIGGER,TRUNCATE,UPDATE
public|dp_admissao_regra_parentescos|r|t|f|service_role|DELETE,INSERT,MAINTAIN,REFERENCES,SELECT,TRIGGER,TRUNCATE,UPDATE
public|dp_admissao_regra_regimes|r|t|f|anon|DELETE,INSERT,MAINTAIN,REFERENCES,SELECT,TRIGGER,TRUNCATE,UPDATE
public|dp_admissao_regra_regimes|r|t|f|authenticated|DELETE,INSERT,MAINTAIN,REFERENCES,SELECT,TRIGGER,TRUNCATE,UPDATE
public|dp_admissao_regra_regimes|r|t|f|service_role|DELETE,INSERT,MAINTAIN,REFERENCES,SELECT,TRIGGER,TRUNCATE,UPDATE
public|dp_admissao_regra_sexos|r|t|f|anon|DELETE,INSERT,MAINTAIN,REFERENCES,SELECT,TRIGGER,TRUNCATE,UPDATE
public|dp_admissao_regra_sexos|r|t|f|authenticated|DELETE,INSERT,MAINTAIN,REFERENCES,SELECT,TRIGGER,TRUNCATE,UPDATE
public|dp_admissao_regra_sexos|r|t|f|service_role|DELETE,INSERT,MAINTAIN,REFERENCES,SELECT,TRIGGER,TRUNCATE,UPDATE
public|dp_admissao_regra_unidades|r|t|f|anon|DELETE,INSERT,MAINTAIN,REFERENCES,SELECT,TRIGGER,TRUNCATE,UPDATE
public|dp_admissao_regra_unidades|r|t|f|authenticated|DELETE,INSERT,MAINTAIN,REFERENCES,SELECT,TRIGGER,TRUNCATE,UPDATE
public|dp_admissao_regra_unidades|r|t|f|service_role|DELETE,INSERT,MAINTAIN,REFERENCES,SELECT,TRIGGER,TRUNCATE,UPDATE
public|dp_admissao_regras|r|t|f|anon|DELETE,INSERT,MAINTAIN,REFERENCES,SELECT,TRIGGER,TRUNCATE,UPDATE
public|dp_admissao_regras|r|t|f|authenticated|MAINTAIN,REFERENCES,SELECT,TRIGGER,TRUNCATE
public|dp_admissao_regras|r|t|f|service_role|DELETE,INSERT,MAINTAIN,REFERENCES,SELECT,TRIGGER,TRUNCATE,UPDATE
public|dp_apoio_unidades|r|t|f|anon|DELETE,INSERT,MAINTAIN,REFERENCES,SELECT,TRIGGER,TRUNCATE,UPDATE
public|dp_apoio_unidades|r|t|f|authenticated|DELETE,INSERT,MAINTAIN,REFERENCES,SELECT,TRIGGER,TRUNCATE,UPDATE
public|dp_apoio_unidades|r|t|f|service_role|DELETE,INSERT,MAINTAIN,REFERENCES,SELECT,TRIGGER,TRUNCATE,UPDATE
public|dp_avisos|r|t|f|anon|DELETE,INSERT,MAINTAIN,REFERENCES,SELECT,TRIGGER,TRUNCATE,UPDATE
public|dp_avisos|r|t|f|authenticated|DELETE,INSERT,MAINTAIN,REFERENCES,SELECT,TRIGGER,TRUNCATE,UPDATE
public|dp_avisos|r|t|f|service_role|DELETE,INSERT,MAINTAIN,REFERENCES,SELECT,TRIGGER,TRUNCATE,UPDATE
public|dp_avisos_comentarios|r|t|f|anon|DELETE,INSERT,MAINTAIN,REFERENCES,SELECT,TRIGGER,TRUNCATE,UPDATE
public|dp_avisos_comentarios|r|t|f|authenticated|DELETE,INSERT,MAINTAIN,REFERENCES,SELECT,TRIGGER,TRUNCATE,UPDATE
public|dp_avisos_comentarios|r|t|f|service_role|DELETE,INSERT,MAINTAIN,REFERENCES,SELECT,TRIGGER,TRUNCATE,UPDATE
public|dp_avisos_leituras|r|t|f|anon|DELETE,INSERT,MAINTAIN,REFERENCES,SELECT,TRIGGER,TRUNCATE,UPDATE
public|dp_avisos_leituras|r|t|f|authenticated|DELETE,INSERT,MAINTAIN,REFERENCES,SELECT,TRIGGER,TRUNCATE,UPDATE
public|dp_avisos_leituras|r|t|f|service_role|DELETE,INSERT,MAINTAIN,REFERENCES,SELECT,TRIGGER,TRUNCATE,UPDATE
public|dp_avisos_reacoes|r|t|f|anon|DELETE,INSERT,MAINTAIN,REFERENCES,SELECT,TRIGGER,TRUNCATE,UPDATE
public|dp_avisos_reacoes|r|t|f|authenticated|DELETE,INSERT,MAINTAIN,REFERENCES,SELECT,TRIGGER,TRUNCATE,UPDATE
public|dp_avisos_reacoes|r|t|f|service_role|DELETE,INSERT,MAINTAIN,REFERENCES,SELECT,TRIGGER,TRUNCATE,UPDATE
public|dp_beneficios|r|t|f|anon|DELETE,INSERT,MAINTAIN,REFERENCES,SELECT,TRIGGER,TRUNCATE,UPDATE
public|dp_beneficios|r|t|f|authenticated|DELETE,INSERT,MAINTAIN,REFERENCES,SELECT,TRIGGER,TRUNCATE,UPDATE
public|dp_beneficios|r|t|f|service_role|DELETE,INSERT,MAINTAIN,REFERENCES,SELECT,TRIGGER,TRUNCATE,UPDATE
public|dp_beneficios_padroes|r|t|f|anon|DELETE,INSERT,MAINTAIN,REFERENCES,SELECT,TRIGGER,TRUNCATE,UPDATE
public|dp_beneficios_padroes|r|t|f|authenticated|DELETE,INSERT,MAINTAIN,REFERENCES,SELECT,TRIGGER,TRUNCATE,UPDATE
public|dp_beneficios_padroes|r|t|f|service_role|DELETE,INSERT,MAINTAIN,REFERENCES,SELECT,TRIGGER,TRUNCATE,UPDATE
public|dp_bloqueio_regra_unidades|r|t|f|anon|DELETE,INSERT,MAINTAIN,REFERENCES,SELECT,TRIGGER,TRUNCATE,UPDATE
public|dp_bloqueio_regra_unidades|r|t|f|authenticated|DELETE,INSERT,MAINTAIN,REFERENCES,SELECT,TRIGGER,TRUNCATE,UPDATE
public|dp_bloqueio_regra_unidades|r|t|f|service_role|DELETE,INSERT,MAINTAIN,REFERENCES,SELECT,TRIGGER,TRUNCATE,UPDATE
public|dp_bloqueio_regras|r|t|f|anon|DELETE,INSERT,MAINTAIN,REFERENCES,SELECT,TRIGGER,TRUNCATE,UPDATE
public|dp_bloqueio_regras|r|t|f|authenticated|DELETE,INSERT,MAINTAIN,REFERENCES,SELECT,TRIGGER,TRUNCATE,UPDATE
public|dp_bloqueio_regras|r|t|f|service_role|DELETE,INSERT,MAINTAIN,REFERENCES,SELECT,TRIGGER,TRUNCATE,UPDATE
public|dp_bloqueios|r|t|f|anon|DELETE,INSERT,MAINTAIN,REFERENCES,SELECT,TRIGGER,TRUNCATE,UPDATE
public|dp_bloqueios|r|t|f|authenticated|DELETE,INSERT,MAINTAIN,REFERENCES,SELECT,TRIGGER,TRUNCATE,UPDATE
public|dp_bloqueios|r|t|f|service_role|DELETE,INSERT,MAINTAIN,REFERENCES,SELECT,TRIGGER,TRUNCATE,UPDATE
public|dp_bulk_import_batches|r|t|f|anon|DELETE,INSERT,MAINTAIN,REFERENCES,SELECT,TRIGGER,TRUNCATE,UPDATE
public|dp_bulk_import_batches|r|t|f|authenticated|DELETE,INSERT,MAINTAIN,REFERENCES,SELECT,TRIGGER,TRUNCATE,UPDATE
public|dp_bulk_import_batches|r|t|f|service_role|DELETE,INSERT,MAINTAIN,REFERENCES,SELECT,TRIGGER,TRUNCATE,UPDATE
public|dp_bulk_import_items|r|t|f|anon|DELETE,INSERT,MAINTAIN,REFERENCES,SELECT,TRIGGER,TRUNCATE,UPDATE
public|dp_bulk_import_items|r|t|f|authenticated|DELETE,INSERT,MAINTAIN,REFERENCES,SELECT,TRIGGER,TRUNCATE,UPDATE
public|dp_bulk_import_items|r|t|f|service_role|DELETE,INSERT,MAINTAIN,REFERENCES,SELECT,TRIGGER,TRUNCATE,UPDATE
public|dp_cadastro_solicitacoes|r|t|f|anon|DELETE,MAINTAIN,REFERENCES,SELECT,TRIGGER,TRUNCATE,UPDATE
public|dp_cadastro_solicitacoes|r|t|f|authenticated|DELETE,INSERT,MAINTAIN,REFERENCES,SELECT,TRIGGER,TRUNCATE,UPDATE
public|dp_cadastro_solicitacoes|r|t|f|service_role|DELETE,INSERT,MAINTAIN,REFERENCES,SELECT,TRIGGER,TRUNCATE,UPDATE
public|dp_cargo_salarios|r|t|f|anon|DELETE,INSERT,MAINTAIN,REFERENCES,SELECT,TRIGGER,TRUNCATE,UPDATE
public|dp_cargo_salarios|r|t|f|authenticated|DELETE,INSERT,MAINTAIN,REFERENCES,SELECT,TRIGGER,TRUNCATE,UPDATE
public|dp_cargo_salarios|r|t|f|service_role|DELETE,INSERT,MAINTAIN,REFERENCES,SELECT,TRIGGER,TRUNCATE,UPDATE
public|dp_cargos|r|t|f|anon|DELETE,INSERT,MAINTAIN,REFERENCES,TRIGGER,TRUNCATE,UPDATE
public|dp_cargos|r|t|f|authenticated|DELETE,INSERT,MAINTAIN,REFERENCES,TRIGGER,TRUNCATE,UPDATE
public|dp_cargos|r|t|f|service_role|DELETE,INSERT,MAINTAIN,REFERENCES,SELECT,TRIGGER,TRUNCATE,UPDATE
public|dp_cobertura_minima|r|t|f|anon|DELETE,INSERT,MAINTAIN,REFERENCES,SELECT,TRIGGER,TRUNCATE,UPDATE
public|dp_cobertura_minima|r|t|f|authenticated|DELETE,INSERT,MAINTAIN,REFERENCES,SELECT,TRIGGER,TRUNCATE,UPDATE
public|dp_cobertura_minima|r|t|f|service_role|DELETE,INSERT,MAINTAIN,REFERENCES,SELECT,TRIGGER,TRUNCATE,UPDATE
public|dp_colaborador_beneficios|r|t|f|anon|DELETE,INSERT,MAINTAIN,REFERENCES,SELECT,TRIGGER,TRUNCATE,UPDATE
public|dp_colaborador_beneficios|r|t|f|authenticated|DELETE,INSERT,MAINTAIN,REFERENCES,SELECT,TRIGGER,TRUNCATE,UPDATE
public|dp_colaborador_beneficios|r|t|f|service_role|DELETE,INSERT,MAINTAIN,REFERENCES,SELECT,TRIGGER,TRUNCATE,UPDATE
public|dp_colaborador_config_dias|r|t|f|anon|DELETE,INSERT,MAINTAIN,REFERENCES,SELECT,TRIGGER,TRUNCATE,UPDATE
public|dp_colaborador_config_dias|r|t|f|authenticated|DELETE,INSERT,MAINTAIN,REFERENCES,SELECT,TRIGGER,TRUNCATE,UPDATE
public|dp_colaborador_config_dias|r|t|f|service_role|DELETE,INSERT,MAINTAIN,REFERENCES,SELECT,TRIGGER,TRUNCATE,UPDATE
public|dp_colaborador_config_trabalho|r|t|f|anon|DELETE,INSERT,MAINTAIN,REFERENCES,SELECT,TRIGGER,TRUNCATE,UPDATE
public|dp_colaborador_config_trabalho|r|t|f|authenticated|DELETE,INSERT,MAINTAIN,REFERENCES,SELECT,TRIGGER,TRUNCATE,UPDATE
public|dp_colaborador_config_trabalho|r|t|f|service_role|DELETE,INSERT,MAINTAIN,REFERENCES,SELECT,TRIGGER,TRUNCATE,UPDATE
public|dp_colaborador_desligamento_restrito|r|t|f|anon|DELETE,INSERT,MAINTAIN,REFERENCES,SELECT,TRIGGER,TRUNCATE,UPDATE
public|dp_colaborador_desligamento_restrito|r|t|f|authenticated|DELETE,INSERT,MAINTAIN,REFERENCES,SELECT,TRIGGER,TRUNCATE,UPDATE
public|dp_colaborador_desligamento_restrito|r|t|f|service_role|DELETE,INSERT,MAINTAIN,REFERENCES,SELECT,TRIGGER,TRUNCATE,UPDATE
public|dp_colaborador_documentos|r|t|f|anon|DELETE,INSERT,MAINTAIN,REFERENCES,SELECT,TRIGGER,TRUNCATE,UPDATE
public|dp_colaborador_documentos|r|t|f|authenticated|DELETE,INSERT,MAINTAIN,REFERENCES,SELECT,TRIGGER,TRUNCATE,UPDATE
public|dp_colaborador_documentos|r|t|f|service_role|DELETE,INSERT,MAINTAIN,REFERENCES,SELECT,TRIGGER,TRUNCATE,UPDATE
public|dp_colaborador_historico_condicoes|r|t|f|anon|DELETE,INSERT,MAINTAIN,REFERENCES,SELECT,TRIGGER,TRUNCATE,UPDATE
public|dp_colaborador_historico_condicoes|r|t|f|authenticated|DELETE,INSERT,MAINTAIN,REFERENCES,SELECT,TRIGGER,TRUNCATE,UPDATE
public|dp_colaborador_historico_condicoes|r|t|f|service_role|DELETE,INSERT,MAINTAIN,REFERENCES,SELECT,TRIGGER,TRUNCATE,UPDATE
public|dp_colaborador_jornadas|r|t|f|anon|DELETE,INSERT,MAINTAIN,REFERENCES,SELECT,TRIGGER,TRUNCATE,UPDATE
public|dp_colaborador_jornadas|r|t|f|authenticated|DELETE,INSERT,MAINTAIN,REFERENCES,SELECT,TRIGGER,TRUNCATE,UPDATE
public|dp_colaborador_jornadas|r|t|f|service_role|DELETE,INSERT,MAINTAIN,REFERENCES,SELECT,TRIGGER,TRUNCATE,UPDATE
public|dp_colaboradores|r|t|f|anon|DELETE,INSERT,MAINTAIN,REFERENCES,SELECT,TRIGGER,TRUNCATE,UPDATE
public|dp_colaboradores|r|t|f|authenticated|DELETE,INSERT,MAINTAIN,REFERENCES,SELECT,TRIGGER,TRUNCATE,UPDATE
public|dp_colaboradores|r|t|f|service_role|DELETE,INSERT,MAINTAIN,REFERENCES,SELECT,TRIGGER,TRUNCATE,UPDATE
public|dp_colaboradores_public|v|f|f|anon|DELETE,INSERT,MAINTAIN,REFERENCES,SELECT,TRIGGER,TRUNCATE,UPDATE
public|dp_colaboradores_public|v|f|f|authenticated|DELETE,INSERT,MAINTAIN,REFERENCES,SELECT,TRIGGER,TRUNCATE,UPDATE
public|dp_colaboradores_public|v|f|f|service_role|DELETE,INSERT,MAINTAIN,REFERENCES,SELECT,TRIGGER,TRUNCATE,UPDATE
public|dp_config_dp|r|t|f|anon|DELETE,INSERT,MAINTAIN,REFERENCES,SELECT,TRIGGER,TRUNCATE,UPDATE
public|dp_config_dp|r|t|f|authenticated|DELETE,INSERT,MAINTAIN,REFERENCES,SELECT,TRIGGER,TRUNCATE,UPDATE
public|dp_config_dp|r|t|f|service_role|DELETE,INSERT,MAINTAIN,REFERENCES,SELECT,TRIGGER,TRUNCATE,UPDATE
public|dp_convocacao_config|r|t|f|authenticated|SELECT
public|dp_convocacao_config|r|t|f|service_role|DELETE,INSERT,MAINTAIN,REFERENCES,SELECT,TRIGGER,TRUNCATE,UPDATE
public|dp_convocacao_descumprimentos|r|t|f|authenticated|SELECT
public|dp_convocacao_descumprimentos|r|t|f|service_role|DELETE,INSERT,MAINTAIN,REFERENCES,SELECT,TRIGGER,TRUNCATE,UPDATE
public|dp_convocacao_destinatarios|r|t|f|anon|DELETE,INSERT,MAINTAIN,REFERENCES,SELECT,TRIGGER,TRUNCATE,UPDATE
public|dp_convocacao_destinatarios|r|t|f|authenticated|DELETE,INSERT,MAINTAIN,REFERENCES,SELECT,TRIGGER,TRUNCATE,UPDATE
public|dp_convocacao_destinatarios|r|t|f|service_role|DELETE,INSERT,MAINTAIN,REFERENCES,SELECT,TRIGGER,TRUNCATE,UPDATE
public|dp_convocacao_eventos|r|t|f|authenticated|SELECT
public|dp_convocacao_eventos|r|t|f|service_role|INSERT,SELECT
public|dp_convocacao_grupos|r|t|f|authenticated|SELECT
public|dp_convocacao_grupos|r|t|f|service_role|DELETE,INSERT,MAINTAIN,REFERENCES,SELECT,TRIGGER,TRUNCATE,UPDATE
public|dp_convocacao_ocorrencias|r|t|f|authenticated|SELECT
public|dp_convocacao_ocorrencias|r|t|f|service_role|DELETE,INSERT,MAINTAIN,REFERENCES,SELECT,TRIGGER,TRUNCATE,UPDATE
public|dp_convocacoes|r|t|f|anon|DELETE,INSERT,MAINTAIN,REFERENCES,SELECT,TRIGGER,TRUNCATE,UPDATE
public|dp_convocacoes|r|t|f|authenticated|DELETE,INSERT,MAINTAIN,REFERENCES,SELECT,TRIGGER,TRUNCATE,UPDATE
public|dp_convocacoes|r|t|f|service_role|DELETE,INSERT,MAINTAIN,REFERENCES,SELECT,TRIGGER,TRUNCATE,UPDATE
public|dp_datas_bloqueadas|r|t|f|anon|DELETE,INSERT,MAINTAIN,REFERENCES,SELECT,TRIGGER,TRUNCATE,UPDATE
public|dp_datas_bloqueadas|r|t|f|authenticated|DELETE,INSERT,MAINTAIN,REFERENCES,SELECT,TRIGGER,TRUNCATE,UPDATE
public|dp_datas_bloqueadas|r|t|f|service_role|DELETE,INSERT,MAINTAIN,REFERENCES,SELECT,TRIGGER,TRUNCATE,UPDATE
public|dp_dependentes|r|t|f|anon|DELETE,INSERT,MAINTAIN,REFERENCES,SELECT,TRIGGER,TRUNCATE,UPDATE
public|dp_dependentes|r|t|f|authenticated|DELETE,INSERT,MAINTAIN,REFERENCES,SELECT,TRIGGER,TRUNCATE,UPDATE
public|dp_dependentes|r|t|f|service_role|DELETE,INSERT,MAINTAIN,REFERENCES,SELECT,TRIGGER,TRUNCATE,UPDATE
public|dp_dia_config|r|t|f|anon|DELETE,INSERT,MAINTAIN,REFERENCES,SELECT,TRIGGER,TRUNCATE,UPDATE
public|dp_dia_config|r|t|f|authenticated|DELETE,INSERT,MAINTAIN,REFERENCES,SELECT,TRIGGER,TRUNCATE,UPDATE
public|dp_dia_config|r|t|f|service_role|DELETE,INSERT,MAINTAIN,REFERENCES,SELECT,TRIGGER,TRUNCATE,UPDATE
public|dp_dia_trabalho_excepcional|r|t|f|anon|DELETE,INSERT,MAINTAIN,REFERENCES,SELECT,TRIGGER,TRUNCATE,UPDATE
public|dp_dia_trabalho_excepcional|r|t|f|authenticated|DELETE,INSERT,MAINTAIN,REFERENCES,SELECT,TRIGGER,TRUNCATE,UPDATE
public|dp_dia_trabalho_excepcional|r|t|f|service_role|DELETE,INSERT,MAINTAIN,REFERENCES,SELECT,TRIGGER,TRUNCATE,UPDATE
public|dp_doc_equivalencias|r|t|f|anon|DELETE,INSERT,MAINTAIN,REFERENCES,SELECT,TRIGGER,TRUNCATE,UPDATE
public|dp_doc_equivalencias|r|t|f|authenticated|DELETE,INSERT,MAINTAIN,REFERENCES,SELECT,TRIGGER,TRUNCATE,UPDATE
public|dp_doc_equivalencias|r|t|f|service_role|DELETE,INSERT,MAINTAIN,REFERENCES,SELECT,TRIGGER,TRUNCATE,UPDATE
public|dp_doc_tipo_aprendizado|r|t|f|anon|DELETE,INSERT,MAINTAIN,REFERENCES,SELECT,TRIGGER,TRUNCATE,UPDATE
public|dp_doc_tipo_aprendizado|r|t|f|authenticated|DELETE,INSERT,MAINTAIN,REFERENCES,SELECT,TRIGGER,TRUNCATE,UPDATE
public|dp_doc_tipo_aprendizado|r|t|f|service_role|DELETE,INSERT,MAINTAIN,REFERENCES,SELECT,TRIGGER,TRUNCATE,UPDATE
public|dp_documento_aceites|r|t|f|anon|DELETE,INSERT,MAINTAIN,REFERENCES,SELECT,TRIGGER,TRUNCATE,UPDATE
public|dp_documento_aceites|r|t|f|authenticated|DELETE,INSERT,MAINTAIN,REFERENCES,SELECT,TRIGGER,TRUNCATE,UPDATE
public|dp_documento_aceites|r|t|f|service_role|DELETE,INSERT,MAINTAIN,REFERENCES,SELECT,TRIGGER,TRUNCATE,UPDATE
public|dp_documento_eventos|r|t|f|anon|DELETE,INSERT,MAINTAIN,REFERENCES,SELECT,TRIGGER,TRUNCATE,UPDATE
public|dp_documento_eventos|r|t|f|authenticated|DELETE,INSERT,MAINTAIN,REFERENCES,SELECT,TRIGGER,TRUNCATE,UPDATE
public|dp_documento_eventos|r|t|f|service_role|DELETE,INSERT,MAINTAIN,REFERENCES,SELECT,TRIGGER,TRUNCATE,UPDATE
public|dp_documento_requisitos|r|t|f|anon|DELETE,INSERT,MAINTAIN,REFERENCES,SELECT,TRIGGER,TRUNCATE,UPDATE
public|dp_documento_requisitos|r|t|f|authenticated|DELETE,INSERT,MAINTAIN,REFERENCES,SELECT,TRIGGER,TRUNCATE,UPDATE
public|dp_documento_requisitos|r|t|f|service_role|DELETE,INSERT,MAINTAIN,REFERENCES,SELECT,TRIGGER,TRUNCATE,UPDATE
public|dp_documentos|r|t|f|anon|DELETE,INSERT,MAINTAIN,REFERENCES,SELECT,TRIGGER,TRUNCATE,UPDATE
public|dp_documentos|r|t|f|authenticated|DELETE,INSERT,MAINTAIN,REFERENCES,SELECT,TRIGGER,TRUNCATE,UPDATE
public|dp_documentos|r|t|f|service_role|DELETE,INSERT,MAINTAIN,REFERENCES,SELECT,TRIGGER,TRUNCATE,UPDATE
public|dp_escala_itens|r|t|f|anon|DELETE,INSERT,MAINTAIN,REFERENCES,SELECT,TRIGGER,TRUNCATE,UPDATE
public|dp_escala_itens|r|t|f|authenticated|DELETE,INSERT,MAINTAIN,REFERENCES,SELECT,TRIGGER,TRUNCATE,UPDATE
public|dp_escala_itens|r|t|f|service_role|DELETE,INSERT,MAINTAIN,REFERENCES,SELECT,TRIGGER,TRUNCATE,UPDATE
public|dp_escalas|r|t|f|anon|DELETE,INSERT,MAINTAIN,REFERENCES,SELECT,TRIGGER,TRUNCATE,UPDATE
public|dp_escalas|r|t|f|authenticated|DELETE,INSERT,MAINTAIN,REFERENCES,SELECT,TRIGGER,TRUNCATE,UPDATE
public|dp_escalas|r|t|f|service_role|DELETE,INSERT,MAINTAIN,REFERENCES,SELECT,TRIGGER,TRUNCATE,UPDATE
public|dp_ferias_bloqueios|r|t|f|anon|DELETE,INSERT,MAINTAIN,REFERENCES,SELECT,TRIGGER,TRUNCATE,UPDATE
public|dp_ferias_bloqueios|r|t|f|authenticated|DELETE,INSERT,MAINTAIN,REFERENCES,SELECT,TRIGGER,TRUNCATE,UPDATE
public|dp_ferias_bloqueios|r|t|f|service_role|DELETE,INSERT,MAINTAIN,REFERENCES,SELECT,TRIGGER,TRUNCATE,UPDATE
public|dp_ferias_faltas_historico|r|t|f|anon|DELETE,INSERT,MAINTAIN,REFERENCES,SELECT,TRIGGER,TRUNCATE,UPDATE
public|dp_ferias_faltas_historico|r|t|f|authenticated|DELETE,INSERT,MAINTAIN,REFERENCES,SELECT,TRIGGER,TRUNCATE,UPDATE
public|dp_ferias_faltas_historico|r|t|f|service_role|DELETE,INSERT,MAINTAIN,REFERENCES,SELECT,TRIGGER,TRUNCATE,UPDATE
public|dp_ferias_gozos|r|t|f|anon|DELETE,INSERT,MAINTAIN,REFERENCES,SELECT,TRIGGER,TRUNCATE,UPDATE
public|dp_ferias_gozos|r|t|f|authenticated|DELETE,INSERT,MAINTAIN,REFERENCES,SELECT,TRIGGER,TRUNCATE,UPDATE
public|dp_ferias_gozos|r|t|f|service_role|DELETE,INSERT,MAINTAIN,REFERENCES,SELECT,TRIGGER,TRUNCATE,UPDATE
public|dp_ferias_periodos|r|t|f|anon|DELETE,INSERT,MAINTAIN,REFERENCES,SELECT,TRIGGER,TRUNCATE,UPDATE
public|dp_ferias_periodos|r|t|f|authenticated|DELETE,INSERT,MAINTAIN,REFERENCES,SELECT,TRIGGER,TRUNCATE,UPDATE
public|dp_ferias_periodos|r|t|f|service_role|DELETE,INSERT,MAINTAIN,REFERENCES,SELECT,TRIGGER,TRUNCATE,UPDATE
public|dp_ferias_regras|r|t|f|anon|DELETE,INSERT,MAINTAIN,REFERENCES,SELECT,TRIGGER,TRUNCATE,UPDATE
public|dp_ferias_regras|r|t|f|authenticated|DELETE,INSERT,MAINTAIN,REFERENCES,SELECT,TRIGGER,TRUNCATE,UPDATE
public|dp_ferias_regras|r|t|f|service_role|DELETE,INSERT,MAINTAIN,REFERENCES,SELECT,TRIGGER,TRUNCATE,UPDATE
public|dp_ferias_solicitacao_detalhes|r|t|f|anon|DELETE,INSERT,MAINTAIN,REFERENCES,SELECT,TRIGGER,TRUNCATE,UPDATE
public|dp_ferias_solicitacao_detalhes|r|t|f|authenticated|DELETE,INSERT,MAINTAIN,REFERENCES,SELECT,TRIGGER,TRUNCATE,UPDATE
public|dp_ferias_solicitacao_detalhes|r|t|f|service_role|DELETE,INSERT,MAINTAIN,REFERENCES,SELECT,TRIGGER,TRUNCATE,UPDATE
public|dp_ficha_importacao_itens|r|t|f|anon|DELETE,INSERT,MAINTAIN,REFERENCES,SELECT,TRIGGER,TRUNCATE,UPDATE
public|dp_ficha_importacao_itens|r|t|f|authenticated|DELETE,INSERT,MAINTAIN,REFERENCES,SELECT,TRIGGER,TRUNCATE,UPDATE
public|dp_ficha_importacao_itens|r|t|f|service_role|DELETE,INSERT,MAINTAIN,REFERENCES,SELECT,TRIGGER,TRUNCATE,UPDATE
public|dp_ficha_importacoes|r|t|f|anon|DELETE,INSERT,MAINTAIN,REFERENCES,SELECT,TRIGGER,TRUNCATE,UPDATE
public|dp_ficha_importacoes|r|t|f|authenticated|DELETE,INSERT,MAINTAIN,REFERENCES,SELECT,TRIGGER,TRUNCATE,UPDATE
public|dp_ficha_importacoes|r|t|f|service_role|DELETE,INSERT,MAINTAIN,REFERENCES,SELECT,TRIGGER,TRUNCATE,UPDATE
public|dp_folga_autoatribuicao_execucoes|r|t|f|anon|DELETE,INSERT,MAINTAIN,REFERENCES,SELECT,TRIGGER,TRUNCATE,UPDATE
public|dp_folga_autoatribuicao_execucoes|r|t|f|authenticated|DELETE,INSERT,MAINTAIN,REFERENCES,SELECT,TRIGGER,TRUNCATE,UPDATE
public|dp_folga_autoatribuicao_execucoes|r|t|f|service_role|DELETE,INSERT,MAINTAIN,REFERENCES,SELECT,TRIGGER,TRUNCATE,UPDATE
public|dp_folga_limite_regra_cargos|r|t|f|anon|DELETE,INSERT,MAINTAIN,REFERENCES,SELECT,TRIGGER,TRUNCATE,UPDATE
public|dp_folga_limite_regra_cargos|r|t|f|authenticated|DELETE,INSERT,MAINTAIN,REFERENCES,SELECT,TRIGGER,TRUNCATE,UPDATE
public|dp_folga_limite_regra_cargos|r|t|f|service_role|DELETE,INSERT,MAINTAIN,REFERENCES,SELECT,TRIGGER,TRUNCATE,UPDATE
public|dp_folga_limite_regra_colaboradores|r|t|f|anon|DELETE,INSERT,MAINTAIN,REFERENCES,SELECT,TRIGGER,TRUNCATE,UPDATE
public|dp_folga_limite_regra_colaboradores|r|t|f|authenticated|DELETE,INSERT,MAINTAIN,REFERENCES,SELECT,TRIGGER,TRUNCATE,UPDATE
public|dp_folga_limite_regra_colaboradores|r|t|f|service_role|DELETE,INSERT,MAINTAIN,REFERENCES,SELECT,TRIGGER,TRUNCATE,UPDATE
public|dp_folga_limite_regra_setores|r|t|f|anon|DELETE,INSERT,MAINTAIN,REFERENCES,SELECT,TRIGGER,TRUNCATE,UPDATE
public|dp_folga_limite_regra_setores|r|t|f|authenticated|DELETE,INSERT,MAINTAIN,REFERENCES,SELECT,TRIGGER,TRUNCATE,UPDATE
public|dp_folga_limite_regra_setores|r|t|f|service_role|DELETE,INSERT,MAINTAIN,REFERENCES,SELECT,TRIGGER,TRUNCATE,UPDATE
public|dp_folga_limite_regras|r|t|f|anon|DELETE,INSERT,MAINTAIN,REFERENCES,SELECT,TRIGGER,TRUNCATE,UPDATE
public|dp_folga_limite_regras|r|t|f|authenticated|DELETE,INSERT,MAINTAIN,REFERENCES,SELECT,TRIGGER,TRUNCATE,UPDATE
public|dp_folga_limite_regras|r|t|f|service_role|DELETE,INSERT,MAINTAIN,REFERENCES,SELECT,TRIGGER,TRUNCATE,UPDATE
public|dp_folgas|r|t|f|anon|DELETE,INSERT,MAINTAIN,REFERENCES,SELECT,TRIGGER,TRUNCATE,UPDATE
public|dp_folgas|r|t|f|authenticated|DELETE,INSERT,MAINTAIN,REFERENCES,SELECT,TRIGGER,TRUNCATE,UPDATE
public|dp_folgas|r|t|f|service_role|DELETE,INSERT,MAINTAIN,REFERENCES,SELECT,TRIGGER,TRUNCATE,UPDATE
public|dp_folgas_canceladas|r|t|f|anon|DELETE,INSERT,MAINTAIN,REFERENCES,SELECT,TRIGGER,TRUNCATE,UPDATE
public|dp_folgas_canceladas|r|t|f|authenticated|DELETE,INSERT,MAINTAIN,REFERENCES,SELECT,TRIGGER,TRUNCATE,UPDATE
public|dp_folgas_canceladas|r|t|f|service_role|DELETE,INSERT,MAINTAIN,REFERENCES,SELECT,TRIGGER,TRUNCATE,UPDATE
public|dp_indisponibilidades|r|t|f|authenticated|SELECT
public|dp_indisponibilidades|r|t|f|service_role|DELETE,INSERT,MAINTAIN,REFERENCES,SELECT,TRIGGER,TRUNCATE,UPDATE
public|dp_intermitente_competencia_confirmacoes|r|t|f|anon|DELETE,INSERT,MAINTAIN,REFERENCES,SELECT,TRIGGER,TRUNCATE,UPDATE
public|dp_intermitente_competencia_confirmacoes|r|t|f|authenticated|DELETE,INSERT,MAINTAIN,REFERENCES,SELECT,TRIGGER,TRUNCATE,UPDATE
public|dp_intermitente_competencia_confirmacoes|r|t|f|service_role|DELETE,INSERT,MAINTAIN,REFERENCES,SELECT,TRIGGER,TRUNCATE,UPDATE
public|dp_jornada_horarios|r|t|f|anon|DELETE,INSERT,MAINTAIN,REFERENCES,SELECT,TRIGGER,TRUNCATE,UPDATE
public|dp_jornada_horarios|r|t|f|authenticated|DELETE,INSERT,MAINTAIN,REFERENCES,SELECT,TRIGGER,TRUNCATE,UPDATE
public|dp_jornada_horarios|r|t|f|service_role|DELETE,INSERT,MAINTAIN,REFERENCES,SELECT,TRIGGER,TRUNCATE,UPDATE
public|dp_jornadas|r|t|f|anon|DELETE,INSERT,MAINTAIN,REFERENCES,SELECT,TRIGGER,TRUNCATE,UPDATE
public|dp_jornadas|r|t|f|authenticated|DELETE,INSERT,MAINTAIN,REFERENCES,SELECT,TRIGGER,TRUNCATE,UPDATE
public|dp_jornadas|r|t|f|service_role|DELETE,INSERT,MAINTAIN,REFERENCES,SELECT,TRIGGER,TRUNCATE,UPDATE
public|dp_legacy_import_errors|r|t|f|anon|DELETE,INSERT,MAINTAIN,REFERENCES,SELECT,TRIGGER,TRUNCATE,UPDATE
public|dp_legacy_import_errors|r|t|f|authenticated|DELETE,INSERT,MAINTAIN,REFERENCES,SELECT,TRIGGER,TRUNCATE,UPDATE
public|dp_legacy_import_errors|r|t|f|service_role|DELETE,INSERT,MAINTAIN,REFERENCES,SELECT,TRIGGER,TRUNCATE,UPDATE
public|dp_legacy_import_id_map|r|t|f|anon|DELETE,INSERT,MAINTAIN,REFERENCES,SELECT,TRIGGER,TRUNCATE,UPDATE
public|dp_legacy_import_id_map|r|t|f|authenticated|DELETE,INSERT,MAINTAIN,REFERENCES,SELECT,TRIGGER,TRUNCATE,UPDATE
public|dp_legacy_import_id_map|r|t|f|service_role|DELETE,INSERT,MAINTAIN,REFERENCES,SELECT,TRIGGER,TRUNCATE,UPDATE
public|dp_legacy_import_runs|r|t|f|anon|DELETE,INSERT,MAINTAIN,REFERENCES,SELECT,TRIGGER,TRUNCATE,UPDATE
public|dp_legacy_import_runs|r|t|f|authenticated|DELETE,INSERT,MAINTAIN,REFERENCES,SELECT,TRIGGER,TRUNCATE,UPDATE
public|dp_legacy_import_runs|r|t|f|service_role|DELETE,INSERT,MAINTAIN,REFERENCES,SELECT,TRIGGER,TRUNCATE,UPDATE
public|dp_mensagens|r|t|f|anon|DELETE,INSERT,MAINTAIN,REFERENCES,SELECT,TRIGGER,TRUNCATE,UPDATE
public|dp_mensagens|r|t|f|authenticated|DELETE,INSERT,MAINTAIN,REFERENCES,SELECT,TRIGGER,TRUNCATE,UPDATE
public|dp_mensagens|r|t|f|service_role|DELETE,INSERT,MAINTAIN,REFERENCES,SELECT,TRIGGER,TRUNCATE,UPDATE
public|dp_menu_defaults|r|t|f|anon|DELETE,INSERT,MAINTAIN,REFERENCES,SELECT,TRIGGER,TRUNCATE,UPDATE
public|dp_menu_defaults|r|t|f|authenticated|DELETE,INSERT,MAINTAIN,REFERENCES,SELECT,TRIGGER,TRUNCATE,UPDATE
public|dp_menu_defaults|r|t|f|service_role|DELETE,INSERT,MAINTAIN,REFERENCES,SELECT,TRIGGER,TRUNCATE,UPDATE
public|dp_modelos_mensagem|r|t|f|anon|DELETE,INSERT,MAINTAIN,REFERENCES,SELECT,TRIGGER,TRUNCATE,UPDATE
public|dp_modelos_mensagem|r|t|f|authenticated|DELETE,INSERT,MAINTAIN,REFERENCES,SELECT,TRIGGER,TRUNCATE,UPDATE
public|dp_modelos_mensagem|r|t|f|service_role|DELETE,INSERT,MAINTAIN,REFERENCES,SELECT,TRIGGER,TRUNCATE,UPDATE
public|dp_notificacoes|r|t|f|anon|DELETE,INSERT,MAINTAIN,REFERENCES,SELECT,TRIGGER,TRUNCATE,UPDATE
public|dp_notificacoes|r|t|f|authenticated|DELETE,INSERT,MAINTAIN,REFERENCES,SELECT,TRIGGER,TRUNCATE,UPDATE
public|dp_notificacoes|r|t|f|service_role|DELETE,INSERT,MAINTAIN,REFERENCES,SELECT,TRIGGER,TRUNCATE,UPDATE
public|dp_notificacoes_leituras|r|t|f|anon|DELETE,INSERT,MAINTAIN,REFERENCES,SELECT,TRIGGER,TRUNCATE,UPDATE
public|dp_notificacoes_leituras|r|t|f|authenticated|DELETE,INSERT,MAINTAIN,REFERENCES,SELECT,TRIGGER,TRUNCATE,UPDATE
public|dp_notificacoes_leituras|r|t|f|service_role|DELETE,INSERT,MAINTAIN,REFERENCES,SELECT,TRIGGER,TRUNCATE,UPDATE
public|dp_ocorrencia_coberturas|r|t|f|anon|DELETE,INSERT,MAINTAIN,REFERENCES,SELECT,TRIGGER,TRUNCATE,UPDATE
public|dp_ocorrencia_coberturas|r|t|f|authenticated|DELETE,INSERT,MAINTAIN,REFERENCES,SELECT,TRIGGER,TRUNCATE,UPDATE
public|dp_ocorrencia_coberturas|r|t|f|service_role|DELETE,INSERT,MAINTAIN,REFERENCES,SELECT,TRIGGER,TRUNCATE,UPDATE
public|dp_ocorrencia_eventos|r|t|f|anon|DELETE,INSERT,MAINTAIN,REFERENCES,SELECT,TRIGGER,TRUNCATE,UPDATE
public|dp_ocorrencia_eventos|r|t|f|authenticated|DELETE,INSERT,MAINTAIN,REFERENCES,SELECT,TRIGGER,TRUNCATE,UPDATE
public|dp_ocorrencia_eventos|r|t|f|service_role|DELETE,INSERT,MAINTAIN,REFERENCES,SELECT,TRIGGER,TRUNCATE,UPDATE
public|dp_ocorrencia_tipo_config|r|t|f|anon|DELETE,INSERT,MAINTAIN,REFERENCES,SELECT,TRIGGER,TRUNCATE,UPDATE
public|dp_ocorrencia_tipo_config|r|t|f|authenticated|DELETE,INSERT,MAINTAIN,REFERENCES,SELECT,TRIGGER,TRUNCATE,UPDATE
public|dp_ocorrencia_tipo_config|r|t|f|service_role|DELETE,INSERT,MAINTAIN,REFERENCES,SELECT,TRIGGER,TRUNCATE,UPDATE
public|dp_ocorrencias|r|t|f|anon|DELETE,INSERT,MAINTAIN,REFERENCES,SELECT,TRIGGER,TRUNCATE,UPDATE
public|dp_ocorrencias|r|t|f|authenticated|DELETE,INSERT,MAINTAIN,REFERENCES,SELECT,TRIGGER,TRUNCATE,UPDATE
public|dp_ocorrencias|r|t|f|service_role|DELETE,INSERT,MAINTAIN,REFERENCES,SELECT,TRIGGER,TRUNCATE,UPDATE
public|dp_operacao_alertas_dispensas|r|t|f|anon|DELETE,INSERT,MAINTAIN,REFERENCES,SELECT,TRIGGER,TRUNCATE,UPDATE
public|dp_operacao_alertas_dispensas|r|t|f|authenticated|DELETE,INSERT,MAINTAIN,REFERENCES,SELECT,TRIGGER,TRUNCATE,UPDATE
public|dp_operacao_alertas_dispensas|r|t|f|service_role|DELETE,INSERT,MAINTAIN,REFERENCES,SELECT,TRIGGER,TRUNCATE,UPDATE
public|dp_pendencias_apuracoes|r|t|f|anon|DELETE,INSERT,MAINTAIN,REFERENCES,SELECT,TRIGGER,TRUNCATE,UPDATE
public|dp_pendencias_apuracoes|r|t|f|authenticated|DELETE,INSERT,MAINTAIN,REFERENCES,SELECT,TRIGGER,TRUNCATE,UPDATE
public|dp_pendencias_apuracoes|r|t|f|service_role|DELETE,INSERT,MAINTAIN,REFERENCES,SELECT,TRIGGER,TRUNCATE,UPDATE
public|dp_pendencias_config|r|t|f|anon|DELETE,INSERT,MAINTAIN,REFERENCES,SELECT,TRIGGER,TRUNCATE,UPDATE
public|dp_pendencias_config|r|t|f|authenticated|DELETE,INSERT,MAINTAIN,REFERENCES,SELECT,TRIGGER,TRUNCATE,UPDATE
public|dp_pendencias_config|r|t|f|service_role|DELETE,INSERT,MAINTAIN,REFERENCES,SELECT,TRIGGER,TRUNCATE,UPDATE
public|dp_pendencias_decisoes|r|t|f|anon|DELETE,INSERT,MAINTAIN,REFERENCES,SELECT,TRIGGER,TRUNCATE,UPDATE
public|dp_pendencias_decisoes|r|t|f|authenticated|DELETE,INSERT,MAINTAIN,REFERENCES,SELECT,TRIGGER,TRUNCATE,UPDATE
public|dp_pendencias_decisoes|r|t|f|service_role|DELETE,INSERT,MAINTAIN,REFERENCES,SELECT,TRIGGER,TRUNCATE,UPDATE
public|dp_pendencias_materializadas|r|t|f|anon|DELETE,INSERT,MAINTAIN,REFERENCES,SELECT,TRIGGER,TRUNCATE,UPDATE
public|dp_pendencias_materializadas|r|t|f|authenticated|DELETE,INSERT,MAINTAIN,REFERENCES,SELECT,TRIGGER,TRUNCATE,UPDATE
public|dp_pendencias_materializadas|r|t|f|service_role|DELETE,INSERT,MAINTAIN,REFERENCES,SELECT,TRIGGER,TRUNCATE,UPDATE
public|dp_pessoas_apoio|r|t|f|anon|DELETE,INSERT,MAINTAIN,REFERENCES,SELECT,TRIGGER,TRUNCATE,UPDATE
public|dp_pessoas_apoio|r|t|f|authenticated|DELETE,INSERT,MAINTAIN,REFERENCES,SELECT,TRIGGER,TRUNCATE,UPDATE
public|dp_pessoas_apoio|r|t|f|service_role|DELETE,INSERT,MAINTAIN,REFERENCES,SELECT,TRIGGER,TRUNCATE,UPDATE
public|dp_pessoas_avulsas|r|t|f|anon|DELETE,INSERT,MAINTAIN,REFERENCES,SELECT,TRIGGER,TRUNCATE,UPDATE
public|dp_pessoas_avulsas|r|t|f|authenticated|DELETE,INSERT,MAINTAIN,REFERENCES,SELECT,TRIGGER,TRUNCATE,UPDATE
public|dp_pessoas_avulsas|r|t|f|service_role|DELETE,INSERT,MAINTAIN,REFERENCES,SELECT,TRIGGER,TRUNCATE,UPDATE
public|dp_portal_access_tokens|r|t|f|anon|DELETE,INSERT,MAINTAIN,REFERENCES,SELECT,TRIGGER,TRUNCATE,UPDATE
public|dp_portal_access_tokens|r|t|f|authenticated|DELETE,INSERT,MAINTAIN,REFERENCES,SELECT,TRIGGER,TRUNCATE,UPDATE
public|dp_portal_access_tokens|r|t|f|service_role|DELETE,INSERT,MAINTAIN,REFERENCES,SELECT,TRIGGER,TRUNCATE,UPDATE
public|dp_preadmissao_convites|r|t|f|authenticated|MAINTAIN,SELECT
public|dp_preadmissao_convites|r|t|f|service_role|DELETE,INSERT,MAINTAIN,REFERENCES,SELECT,TRIGGER,TRUNCATE,UPDATE
public|dp_preadmissao_documentos|r|t|f|authenticated|MAINTAIN,SELECT
public|dp_preadmissao_documentos|r|t|f|service_role|DELETE,INSERT,MAINTAIN,REFERENCES,SELECT,TRIGGER,TRUNCATE,UPDATE
public|dp_preadmissao_eventos|r|t|f|authenticated|MAINTAIN,SELECT
public|dp_preadmissao_eventos|r|t|f|service_role|DELETE,INSERT,MAINTAIN,REFERENCES,SELECT,TRIGGER,TRUNCATE,UPDATE
public|dp_preadmissao_pessoas|r|t|f|authenticated|MAINTAIN,SELECT
public|dp_preadmissao_pessoas|r|t|f|service_role|DELETE,INSERT,MAINTAIN,REFERENCES,SELECT,TRIGGER,TRUNCATE,UPDATE
public|dp_preadmissoes|r|t|f|authenticated|MAINTAIN,SELECT
public|dp_preadmissoes|r|t|f|service_role|DELETE,INSERT,MAINTAIN,REFERENCES,SELECT,TRIGGER,TRUNCATE,UPDATE
public|dp_prioridade_aniversario|r|t|f|anon|DELETE,INSERT,MAINTAIN,REFERENCES,SELECT,TRIGGER,TRUNCATE,UPDATE
public|dp_prioridade_aniversario|r|t|f|authenticated|DELETE,INSERT,MAINTAIN,REFERENCES,SELECT,TRIGGER,TRUNCATE,UPDATE
public|dp_prioridade_aniversario|r|t|f|service_role|DELETE,INSERT,MAINTAIN,REFERENCES,SELECT,TRIGGER,TRUNCATE,UPDATE
public|dp_registros_disciplinares|r|t|f|anon|DELETE,INSERT,MAINTAIN,REFERENCES,SELECT,TRIGGER,TRUNCATE,UPDATE
public|dp_registros_disciplinares|r|t|f|authenticated|DELETE,INSERT,MAINTAIN,REFERENCES,SELECT,TRIGGER,TRUNCATE,UPDATE
public|dp_registros_disciplinares|r|t|f|service_role|DELETE,INSERT,MAINTAIN,REFERENCES,SELECT,TRIGGER,TRUNCATE,UPDATE
public|dp_regras_historico|r|t|f|anon|DELETE,INSERT,MAINTAIN,REFERENCES,SELECT,TRIGGER,TRUNCATE,UPDATE
public|dp_regras_historico|r|t|f|authenticated|DELETE,INSERT,MAINTAIN,REFERENCES,SELECT,TRIGGER,TRUNCATE,UPDATE
public|dp_regras_historico|r|t|f|service_role|DELETE,INSERT,MAINTAIN,REFERENCES,SELECT,TRIGGER,TRUNCATE,UPDATE
public|dp_requisito_cargos|r|t|f|authenticated|DELETE,INSERT,MAINTAIN,REFERENCES,SELECT,TRIGGER,TRUNCATE,UPDATE
public|dp_requisito_cargos|r|t|f|service_role|DELETE,INSERT,MAINTAIN,REFERENCES,SELECT,TRIGGER,TRUNCATE,UPDATE
public|dp_requisito_unidades|r|t|f|authenticated|DELETE,INSERT,MAINTAIN,REFERENCES,SELECT,TRIGGER,TRUNCATE,UPDATE
public|dp_requisito_unidades|r|t|f|service_role|DELETE,INSERT,MAINTAIN,REFERENCES,SELECT,TRIGGER,TRUNCATE,UPDATE
public|dp_setores|r|t|f|anon|DELETE,INSERT,MAINTAIN,REFERENCES,SELECT,TRIGGER,TRUNCATE,UPDATE
public|dp_setores|r|t|f|authenticated|DELETE,INSERT,MAINTAIN,REFERENCES,SELECT,TRIGGER,TRUNCATE,UPDATE
public|dp_setores|r|t|f|service_role|DELETE,INSERT,MAINTAIN,REFERENCES,SELECT,TRIGGER,TRUNCATE,UPDATE
public|dp_sindicato_cargos|r|t|f|anon|DELETE,INSERT,MAINTAIN,REFERENCES,SELECT,TRIGGER,TRUNCATE,UPDATE
public|dp_sindicato_cargos|r|t|f|authenticated|DELETE,INSERT,MAINTAIN,REFERENCES,SELECT,TRIGGER,TRUNCATE,UPDATE
public|dp_sindicato_cargos|r|t|f|service_role|DELETE,INSERT,MAINTAIN,REFERENCES,SELECT,TRIGGER,TRUNCATE,UPDATE
public|dp_sindicato_negociacoes|r|t|f|anon|DELETE,INSERT,MAINTAIN,REFERENCES,SELECT,TRIGGER,TRUNCATE,UPDATE
public|dp_sindicato_negociacoes|r|t|f|authenticated|DELETE,INSERT,MAINTAIN,REFERENCES,SELECT,TRIGGER,TRUNCATE,UPDATE
public|dp_sindicato_negociacoes|r|t|f|service_role|DELETE,INSERT,MAINTAIN,REFERENCES,SELECT,TRIGGER,TRUNCATE,UPDATE
public|dp_sindicato_unidades|r|t|f|anon|DELETE,INSERT,MAINTAIN,REFERENCES,SELECT,TRIGGER,TRUNCATE,UPDATE
public|dp_sindicato_unidades|r|t|f|authenticated|DELETE,INSERT,MAINTAIN,REFERENCES,SELECT,TRIGGER,TRUNCATE,UPDATE
public|dp_sindicato_unidades|r|t|f|service_role|DELETE,INSERT,MAINTAIN,REFERENCES,SELECT,TRIGGER,TRUNCATE,UPDATE
public|dp_sindicatos|r|t|f|anon|DELETE,INSERT,MAINTAIN,REFERENCES,SELECT,TRIGGER,TRUNCATE,UPDATE
public|dp_sindicatos|r|t|f|authenticated|DELETE,INSERT,MAINTAIN,REFERENCES,SELECT,TRIGGER,TRUNCATE,UPDATE
public|dp_sindicatos|r|t|f|service_role|DELETE,INSERT,MAINTAIN,REFERENCES,SELECT,TRIGGER,TRUNCATE,UPDATE
public|dp_solicitacoes|r|t|f|anon|DELETE,INSERT,MAINTAIN,REFERENCES,SELECT,TRIGGER,TRUNCATE,UPDATE
public|dp_solicitacoes|r|t|f|authenticated|DELETE,INSERT,MAINTAIN,REFERENCES,SELECT,TRIGGER,TRUNCATE,UPDATE
public|dp_solicitacoes|r|t|f|service_role|DELETE,INSERT,MAINTAIN,REFERENCES,SELECT,TRIGGER,TRUNCATE,UPDATE
public|dp_trocas|r|t|f|anon|DELETE,INSERT,MAINTAIN,REFERENCES,SELECT,TRIGGER,TRUNCATE,UPDATE
public|dp_trocas|r|t|f|authenticated|DELETE,INSERT,MAINTAIN,REFERENCES,SELECT,TRIGGER,TRUNCATE,UPDATE
public|dp_trocas|r|t|f|service_role|DELETE,INSERT,MAINTAIN,REFERENCES,SELECT,TRIGGER,TRUNCATE,UPDATE
public|dp_turnos|r|t|f|anon|DELETE,INSERT,MAINTAIN,REFERENCES,SELECT,TRIGGER,TRUNCATE,UPDATE
public|dp_turnos|r|t|f|authenticated|DELETE,INSERT,MAINTAIN,REFERENCES,SELECT,TRIGGER,TRUNCATE,UPDATE
public|dp_turnos|r|t|f|service_role|DELETE,INSERT,MAINTAIN,REFERENCES,SELECT,TRIGGER,TRUNCATE,UPDATE
public|dp_unidade_cargos|r|t|f|anon|DELETE,INSERT,MAINTAIN,REFERENCES,SELECT,TRIGGER,TRUNCATE,UPDATE
public|dp_unidade_cargos|r|t|f|authenticated|DELETE,INSERT,MAINTAIN,REFERENCES,SELECT,TRIGGER,TRUNCATE,UPDATE
public|dp_unidade_cargos|r|t|f|service_role|DELETE,INSERT,MAINTAIN,REFERENCES,SELECT,TRIGGER,TRUNCATE,UPDATE
public|dp_unidade_feriados|r|t|f|anon|DELETE,INSERT,MAINTAIN,REFERENCES,SELECT,TRIGGER,TRUNCATE,UPDATE
public|dp_unidade_feriados|r|t|f|authenticated|DELETE,INSERT,MAINTAIN,REFERENCES,SELECT,TRIGGER,TRUNCATE,UPDATE
public|dp_unidade_feriados|r|t|f|service_role|DELETE,INSERT,MAINTAIN,REFERENCES,SELECT,TRIGGER,TRUNCATE,UPDATE
public|dp_unidade_horarios_funcionamento|r|t|f|anon|DELETE,INSERT,MAINTAIN,REFERENCES,SELECT,TRIGGER,TRUNCATE,UPDATE
public|dp_unidade_horarios_funcionamento|r|t|f|authenticated|DELETE,INSERT,MAINTAIN,REFERENCES,SELECT,TRIGGER,TRUNCATE,UPDATE
public|dp_unidade_horarios_funcionamento|r|t|f|service_role|DELETE,INSERT,MAINTAIN,REFERENCES,SELECT,TRIGGER,TRUNCATE,UPDATE
public|dp_unidades|r|t|f|anon|DELETE,INSERT,MAINTAIN,REFERENCES,SELECT,TRIGGER,TRUNCATE,UPDATE
public|dp_unidades|r|t|f|authenticated|DELETE,INSERT,MAINTAIN,REFERENCES,SELECT,TRIGGER,TRUNCATE,UPDATE
public|dp_unidades|r|t|f|service_role|DELETE,INSERT,MAINTAIN,REFERENCES,SELECT,TRIGGER,TRUNCATE,UPDATE
public|dp_user_prefs|r|t|f|anon|DELETE,INSERT,MAINTAIN,REFERENCES,SELECT,TRIGGER,TRUNCATE,UPDATE
public|dp_user_prefs|r|t|f|authenticated|DELETE,INSERT,MAINTAIN,REFERENCES,SELECT,TRIGGER,TRUNCATE,UPDATE
public|dp_user_prefs|r|t|f|service_role|DELETE,INSERT,MAINTAIN,REFERENCES,SELECT,TRIGGER,TRUNCATE,UPDATE
public|dp_va_apuracoes|r|t|f|anon|DELETE,INSERT,MAINTAIN,REFERENCES,SELECT,TRIGGER,TRUNCATE,UPDATE
public|dp_va_apuracoes|r|t|f|authenticated|DELETE,INSERT,MAINTAIN,REFERENCES,SELECT,TRIGGER,TRUNCATE,UPDATE
public|dp_va_apuracoes|r|t|f|service_role|DELETE,INSERT,MAINTAIN,REFERENCES,SELECT,TRIGGER,TRUNCATE,UPDATE
public|email_send_log|r|t|f|service_role|DELETE,INSERT,MAINTAIN,REFERENCES,SELECT,TRIGGER,TRUNCATE,UPDATE
public|email_send_state|r|t|f|service_role|DELETE,INSERT,MAINTAIN,REFERENCES,SELECT,TRIGGER,TRUNCATE,UPDATE
public|email_unsubscribe_tokens|r|t|f|service_role|DELETE,INSERT,MAINTAIN,REFERENCES,SELECT,TRIGGER,TRUNCATE,UPDATE
public|ia_conversations|r|t|f|anon|DELETE,INSERT,MAINTAIN,REFERENCES,SELECT,TRIGGER,TRUNCATE,UPDATE
public|ia_conversations|r|t|f|authenticated|DELETE,INSERT,MAINTAIN,REFERENCES,SELECT,TRIGGER,TRUNCATE,UPDATE
public|ia_conversations|r|t|f|service_role|DELETE,INSERT,MAINTAIN,REFERENCES,SELECT,TRIGGER,TRUNCATE,UPDATE
public|ia_usage_control|r|t|f|anon|DELETE,INSERT,MAINTAIN,REFERENCES,SELECT,TRIGGER,TRUNCATE,UPDATE
public|ia_usage_control|r|t|f|authenticated|DELETE,INSERT,MAINTAIN,REFERENCES,SELECT,TRIGGER,TRUNCATE,UPDATE
public|ia_usage_control|r|t|f|service_role|DELETE,INSERT,MAINTAIN,REFERENCES,SELECT,TRIGGER,TRUNCATE,UPDATE
public|import_rules|r|t|f|anon|DELETE,INSERT,MAINTAIN,REFERENCES,SELECT,TRIGGER,TRUNCATE,UPDATE
public|import_rules|r|t|f|authenticated|DELETE,INSERT,MAINTAIN,REFERENCES,SELECT,TRIGGER,TRUNCATE,UPDATE
public|import_rules|r|t|f|service_role|DELETE,INSERT,MAINTAIN,REFERENCES,SELECT,TRIGGER,TRUNCATE,UPDATE
public|invoices|r|t|f|authenticated|DELETE,INSERT,MAINTAIN,REFERENCES,SELECT,TRIGGER,TRUNCATE,UPDATE
public|invoices|r|t|f|service_role|DELETE,INSERT,MAINTAIN,REFERENCES,SELECT,TRIGGER,TRUNCATE,UPDATE
public|landing_content|r|t|f|anon|DELETE,INSERT,MAINTAIN,REFERENCES,SELECT,TRIGGER,TRUNCATE,UPDATE
public|landing_content|r|t|f|authenticated|DELETE,INSERT,MAINTAIN,REFERENCES,SELECT,TRIGGER,TRUNCATE,UPDATE
public|landing_content|r|t|f|service_role|DELETE,INSERT,MAINTAIN,REFERENCES,SELECT,TRIGGER,TRUNCATE,UPDATE
public|legal_acceptances|r|t|f|anon|DELETE,INSERT,MAINTAIN,REFERENCES,SELECT,TRIGGER,TRUNCATE,UPDATE
public|legal_acceptances|r|t|f|authenticated|DELETE,INSERT,MAINTAIN,REFERENCES,SELECT,TRIGGER,TRUNCATE,UPDATE
public|legal_acceptances|r|t|f|service_role|DELETE,INSERT,MAINTAIN,REFERENCES,SELECT,TRIGGER,TRUNCATE,UPDATE
public|mkt_cases|r|t|f|anon|DELETE,INSERT,MAINTAIN,REFERENCES,SELECT,TRIGGER,TRUNCATE,UPDATE
public|mkt_cases|r|t|f|authenticated|DELETE,INSERT,MAINTAIN,REFERENCES,SELECT,TRIGGER,TRUNCATE,UPDATE
public|mkt_cases|r|t|f|service_role|DELETE,INSERT,MAINTAIN,REFERENCES,SELECT,TRIGGER,TRUNCATE,UPDATE
public|mkt_client_logos|r|t|f|anon|DELETE,INSERT,MAINTAIN,REFERENCES,SELECT,TRIGGER,TRUNCATE,UPDATE
public|mkt_client_logos|r|t|f|authenticated|DELETE,INSERT,MAINTAIN,REFERENCES,SELECT,TRIGGER,TRUNCATE,UPDATE
public|mkt_client_logos|r|t|f|service_role|DELETE,INSERT,MAINTAIN,REFERENCES,SELECT,TRIGGER,TRUNCATE,UPDATE
public|mkt_faqs|r|t|f|anon|DELETE,INSERT,MAINTAIN,REFERENCES,SELECT,TRIGGER,TRUNCATE,UPDATE
public|mkt_faqs|r|t|f|authenticated|DELETE,INSERT,MAINTAIN,REFERENCES,SELECT,TRIGGER,TRUNCATE,UPDATE
public|mkt_faqs|r|t|f|service_role|DELETE,INSERT,MAINTAIN,REFERENCES,SELECT,TRIGGER,TRUNCATE,UPDATE
public|mkt_leads|r|t|f|anon|DELETE,INSERT,MAINTAIN,REFERENCES,SELECT,TRIGGER,TRUNCATE,UPDATE
public|mkt_leads|r|t|f|authenticated|DELETE,INSERT,MAINTAIN,REFERENCES,SELECT,TRIGGER,TRUNCATE,UPDATE
public|mkt_leads|r|t|f|service_role|DELETE,INSERT,MAINTAIN,REFERENCES,SELECT,TRIGGER,TRUNCATE,UPDATE
public|mkt_posts|r|t|f|anon|DELETE,INSERT,MAINTAIN,REFERENCES,SELECT,TRIGGER,TRUNCATE,UPDATE
public|mkt_posts|r|t|f|authenticated|DELETE,INSERT,MAINTAIN,REFERENCES,SELECT,TRIGGER,TRUNCATE,UPDATE
public|mkt_posts|r|t|f|service_role|DELETE,INSERT,MAINTAIN,REFERENCES,SELECT,TRIGGER,TRUNCATE,UPDATE
public|mkt_site_settings|r|t|f|anon|DELETE,INSERT,MAINTAIN,REFERENCES,SELECT,TRIGGER,TRUNCATE,UPDATE
public|mkt_site_settings|r|t|f|authenticated|DELETE,INSERT,MAINTAIN,REFERENCES,SELECT,TRIGGER,TRUNCATE,UPDATE
public|mkt_site_settings|r|t|f|service_role|DELETE,INSERT,MAINTAIN,REFERENCES,SELECT,TRIGGER,TRUNCATE,UPDATE
public|mkt_testimonials|r|t|f|anon|DELETE,INSERT,MAINTAIN,REFERENCES,SELECT,TRIGGER,TRUNCATE,UPDATE
public|mkt_testimonials|r|t|f|authenticated|DELETE,INSERT,MAINTAIN,REFERENCES,SELECT,TRIGGER,TRUNCATE,UPDATE
public|mkt_testimonials|r|t|f|service_role|DELETE,INSERT,MAINTAIN,REFERENCES,SELECT,TRIGGER,TRUNCATE,UPDATE
public|module_dependencies|r|t|f|anon|DELETE,INSERT,MAINTAIN,REFERENCES,SELECT,TRIGGER,TRUNCATE,UPDATE
public|module_dependencies|r|t|f|authenticated|DELETE,INSERT,MAINTAIN,REFERENCES,SELECT,TRIGGER,TRUNCATE,UPDATE
public|module_dependencies|r|t|f|service_role|DELETE,INSERT,MAINTAIN,REFERENCES,SELECT,TRIGGER,TRUNCATE,UPDATE
public|modulos_catalogo|r|t|f|anon|DELETE,INSERT,MAINTAIN,REFERENCES,SELECT,TRIGGER,TRUNCATE,UPDATE
public|modulos_catalogo|r|t|f|authenticated|DELETE,INSERT,MAINTAIN,REFERENCES,SELECT,TRIGGER,TRUNCATE,UPDATE
public|modulos_catalogo|r|t|f|service_role|DELETE,INSERT,MAINTAIN,REFERENCES,SELECT,TRIGGER,TRUNCATE,UPDATE
public|payment_method_companies|r|t|f|authenticated|DELETE,INSERT,MAINTAIN,REFERENCES,SELECT,TRIGGER,TRUNCATE,UPDATE
public|payment_method_companies|r|t|f|service_role|DELETE,INSERT,MAINTAIN,REFERENCES,SELECT,TRIGGER,TRUNCATE,UPDATE
public|payment_method_templates|r|t|f|anon|DELETE,INSERT,MAINTAIN,REFERENCES,SELECT,TRIGGER,TRUNCATE,UPDATE
public|payment_method_templates|r|t|f|authenticated|DELETE,INSERT,MAINTAIN,REFERENCES,SELECT,TRIGGER,TRUNCATE,UPDATE
public|payment_method_templates|r|t|f|service_role|DELETE,INSERT,MAINTAIN,REFERENCES,SELECT,TRIGGER,TRUNCATE,UPDATE
public|payment_methods|r|t|f|anon|DELETE,INSERT,MAINTAIN,REFERENCES,SELECT,TRIGGER,TRUNCATE,UPDATE
public|payment_methods|r|t|f|authenticated|DELETE,INSERT,MAINTAIN,REFERENCES,SELECT,TRIGGER,TRUNCATE,UPDATE
public|payment_methods|r|t|f|service_role|DELETE,INSERT,MAINTAIN,REFERENCES,SELECT,TRIGGER,TRUNCATE,UPDATE
public|plans|r|t|f|anon|DELETE,INSERT,MAINTAIN,REFERENCES,SELECT,TRIGGER,TRUNCATE,UPDATE
public|plans|r|t|f|authenticated|DELETE,INSERT,MAINTAIN,REFERENCES,SELECT,TRIGGER,TRUNCATE,UPDATE
public|plans|r|t|f|service_role|DELETE,INSERT,MAINTAIN,REFERENCES,SELECT,TRIGGER,TRUNCATE,UPDATE
public|pluggy_accounts|r|t|f|authenticated|MAINTAIN,SELECT,TRIGGER
public|pluggy_accounts|r|t|f|service_role|DELETE,INSERT,MAINTAIN,REFERENCES,SELECT,TRIGGER,TRUNCATE,UPDATE
public|pluggy_connect_requests|r|t|f|anon|MAINTAIN,SELECT,TRIGGER
public|pluggy_connect_requests|r|t|f|authenticated|MAINTAIN,SELECT,TRIGGER
public|pluggy_connect_requests|r|t|f|service_role|DELETE,INSERT,MAINTAIN,REFERENCES,SELECT,TRIGGER,TRUNCATE,UPDATE
public|pluggy_connections|r|t|f|authenticated|MAINTAIN,SELECT,TRIGGER
public|pluggy_connections|r|t|f|service_role|DELETE,INSERT,MAINTAIN,REFERENCES,SELECT,TRIGGER,TRUNCATE,UPDATE
public|pluggy_staging_transactions|r|t|f|authenticated|MAINTAIN,SELECT,TRIGGER
public|pluggy_staging_transactions|r|t|f|service_role|DELETE,INSERT,MAINTAIN,REFERENCES,SELECT,TRIGGER,TRUNCATE,UPDATE
public|pluggy_v2_accounts|r|t|f|authenticated|MAINTAIN,SELECT,TRIGGER
public|pluggy_v2_accounts|r|t|f|service_role|DELETE,INSERT,MAINTAIN,REFERENCES,SELECT,TRIGGER,TRUNCATE,UPDATE
public|pluggy_v2_connections|r|t|f|authenticated|MAINTAIN,SELECT,TRIGGER
public|pluggy_v2_connections|r|t|f|service_role|DELETE,INSERT,MAINTAIN,REFERENCES,SELECT,TRIGGER,TRUNCATE,UPDATE
public|pluggy_v2_sync_runs|r|t|f|authenticated|MAINTAIN,SELECT,TRIGGER
public|pluggy_v2_sync_runs|r|t|f|service_role|DELETE,INSERT,MAINTAIN,REFERENCES,SELECT,TRIGGER,TRUNCATE,UPDATE
public|pluggy_v2_transactions_raw|r|t|f|authenticated|MAINTAIN,SELECT,TRIGGER
public|pluggy_v2_transactions_raw|r|t|f|service_role|DELETE,INSERT,MAINTAIN,REFERENCES,SELECT,TRIGGER,TRUNCATE,UPDATE
public|pluggy_v2_transactions_raw_archive|r|t|f|authenticated|DELETE,INSERT,MAINTAIN,REFERENCES,SELECT,TRIGGER,TRUNCATE,UPDATE
public|pluggy_v2_transactions_raw_archive|r|t|f|service_role|DELETE,INSERT,MAINTAIN,REFERENCES,SELECT,TRIGGER,TRUNCATE,UPDATE
public|pluggy_webhook_events|r|t|f|anon|DELETE,INSERT,MAINTAIN,REFERENCES,SELECT,TRIGGER,TRUNCATE,UPDATE
public|pluggy_webhook_events|r|t|f|authenticated|DELETE,INSERT,MAINTAIN,REFERENCES,SELECT,TRIGGER,TRUNCATE,UPDATE
public|pluggy_webhook_events|r|t|f|service_role|DELETE,INSERT,MAINTAIN,REFERENCES,SELECT,TRIGGER,TRUNCATE,UPDATE
public|profiles|r|t|f|anon|DELETE,INSERT,MAINTAIN,REFERENCES,SELECT,TRIGGER,TRUNCATE,UPDATE
public|profiles|r|t|f|authenticated|DELETE,INSERT,MAINTAIN,REFERENCES,SELECT,TRIGGER,TRUNCATE,UPDATE
public|profiles|r|t|f|service_role|DELETE,INSERT,MAINTAIN,REFERENCES,SELECT,TRIGGER,TRUNCATE,UPDATE
public|segmentos|r|t|f|anon|DELETE,INSERT,MAINTAIN,REFERENCES,TRIGGER,TRUNCATE,UPDATE
public|segmentos|r|t|f|authenticated|DELETE,INSERT,MAINTAIN,REFERENCES,SELECT,TRIGGER,TRUNCATE,UPDATE
public|segmentos|r|t|f|service_role|DELETE,INSERT,MAINTAIN,REFERENCES,SELECT,TRIGGER,TRUNCATE,UPDATE
public|subscription_cards|r|t|f|authenticated|DELETE,INSERT,MAINTAIN,REFERENCES,SELECT,TRIGGER,TRUNCATE,UPDATE
public|subscription_cards|r|t|f|service_role|DELETE,INSERT,MAINTAIN,REFERENCES,SELECT,TRIGGER,TRUNCATE,UPDATE
public|subscription_cycle_events|r|t|f|authenticated|DELETE,INSERT,MAINTAIN,REFERENCES,SELECT,TRIGGER,TRUNCATE,UPDATE
public|subscription_cycle_events|r|t|f|service_role|DELETE,INSERT,MAINTAIN,REFERENCES,SELECT,TRIGGER,TRUNCATE,UPDATE
public|subscriptions|r|t|f|authenticated|DELETE,INSERT,MAINTAIN,REFERENCES,SELECT,TRIGGER,TRUNCATE,UPDATE
public|subscriptions|r|t|f|service_role|DELETE,INSERT,MAINTAIN,REFERENCES,SELECT,TRIGGER,TRUNCATE,UPDATE
public|suppressed_emails|r|t|f|service_role|DELETE,INSERT,MAINTAIN,REFERENCES,SELECT,TRIGGER,TRUNCATE,UPDATE
public|tags|r|t|f|anon|DELETE,INSERT,MAINTAIN,REFERENCES,SELECT,TRIGGER,TRUNCATE,UPDATE
public|tags|r|t|f|authenticated|DELETE,INSERT,MAINTAIN,REFERENCES,SELECT,TRIGGER,TRUNCATE,UPDATE
public|tags|r|t|f|service_role|DELETE,INSERT,MAINTAIN,REFERENCES,SELECT,TRIGGER,TRUNCATE,UPDATE
public|transaction_attachments|r|t|f|authenticated|DELETE,INSERT,MAINTAIN,REFERENCES,SELECT,TRIGGER,TRUNCATE,UPDATE
public|transaction_attachments|r|t|f|service_role|DELETE,INSERT,MAINTAIN,REFERENCES,SELECT,TRIGGER,TRUNCATE,UPDATE
public|transaction_origin_changes|r|t|f|authenticated|DELETE,INSERT,MAINTAIN,REFERENCES,SELECT,TRIGGER,TRUNCATE,UPDATE
public|transaction_origin_changes|r|t|f|service_role|DELETE,INSERT,MAINTAIN,REFERENCES,SELECT,TRIGGER,TRUNCATE,UPDATE
public|transaction_sources|v|f|f|anon|DELETE,INSERT,MAINTAIN,REFERENCES,SELECT,TRIGGER,TRUNCATE,UPDATE
public|transaction_sources|v|f|f|authenticated|DELETE,INSERT,MAINTAIN,REFERENCES,SELECT,TRIGGER,TRUNCATE,UPDATE
public|transaction_sources|v|f|f|service_role|DELETE,INSERT,MAINTAIN,REFERENCES,SELECT,TRIGGER,TRUNCATE,UPDATE
public|transaction_tags|r|t|f|authenticated|DELETE,INSERT,MAINTAIN,REFERENCES,SELECT,TRIGGER,TRUNCATE,UPDATE
public|transaction_tags|r|t|f|service_role|DELETE,INSERT,MAINTAIN,REFERENCES,SELECT,TRIGGER,TRUNCATE,UPDATE
public|transactions|r|t|f|authenticated|DELETE,INSERT,MAINTAIN,REFERENCES,SELECT,TRIGGER,TRUNCATE,UPDATE
public|transactions|r|t|f|service_role|DELETE,INSERT,MAINTAIN,REFERENCES,SELECT,TRIGGER,TRUNCATE,UPDATE
public|usage_counters|r|t|f|anon|DELETE,INSERT,MAINTAIN,REFERENCES,SELECT,TRIGGER,TRUNCATE,UPDATE
public|usage_counters|r|t|f|authenticated|DELETE,INSERT,MAINTAIN,REFERENCES,SELECT,TRIGGER,TRUNCATE,UPDATE
public|usage_counters|r|t|f|service_role|DELETE,INSERT,MAINTAIN,REFERENCES,SELECT,TRIGGER,TRUNCATE,UPDATE
public|user_roles|r|t|f|anon|DELETE,INSERT,MAINTAIN,REFERENCES,SELECT,TRIGGER,TRUNCATE,UPDATE
public|user_roles|r|t|f|authenticated|DELETE,INSERT,MAINTAIN,REFERENCES,SELECT,TRIGGER,TRUNCATE,UPDATE
public|user_roles|r|t|f|service_role|DELETE,INSERT,MAINTAIN,REFERENCES,SELECT,TRIGGER,TRUNCATE,UPDATE
storage|buckets|r|t|f|anon|DELETE,INSERT,MAINTAIN,REFERENCES,SELECT,TRIGGER,TRUNCATE,UPDATE
storage|buckets|r|t|f|authenticated|DELETE,INSERT,MAINTAIN,REFERENCES,SELECT,TRIGGER,TRUNCATE,UPDATE
storage|buckets|r|t|f|service_role|DELETE,INSERT,MAINTAIN,REFERENCES,SELECT,TRIGGER,TRUNCATE,UPDATE
storage|buckets_analytics|r|t|f|anon|DELETE,INSERT,MAINTAIN,REFERENCES,SELECT,TRIGGER,TRUNCATE,UPDATE
storage|buckets_analytics|r|t|f|authenticated|DELETE,INSERT,MAINTAIN,REFERENCES,SELECT,TRIGGER,TRUNCATE,UPDATE
storage|buckets_analytics|r|t|f|service_role|DELETE,INSERT,MAINTAIN,REFERENCES,SELECT,TRIGGER,TRUNCATE,UPDATE
storage|buckets_vectors|r|t|f|anon|SELECT
storage|buckets_vectors|r|t|f|authenticated|SELECT
storage|buckets_vectors|r|t|f|service_role|SELECT
storage|objects|r|t|f|anon|DELETE,INSERT,MAINTAIN,REFERENCES,SELECT,TRIGGER,TRUNCATE,UPDATE
storage|objects|r|t|f|authenticated|DELETE,INSERT,MAINTAIN,REFERENCES,SELECT,TRIGGER,TRUNCATE,UPDATE
storage|objects|r|t|f|service_role|DELETE,INSERT,MAINTAIN,REFERENCES,SELECT,TRIGGER,TRUNCATE,UPDATE
storage|s3_multipart_uploads|r|t|f|anon|SELECT
storage|s3_multipart_uploads|r|t|f|authenticated|SELECT
storage|s3_multipart_uploads|r|t|f|service_role|DELETE,INSERT,MAINTAIN,REFERENCES,SELECT,TRIGGER,TRUNCATE,UPDATE
storage|s3_multipart_uploads_parts|r|t|f|anon|SELECT
storage|s3_multipart_uploads_parts|r|t|f|authenticated|SELECT
storage|s3_multipart_uploads_parts|r|t|f|service_role|DELETE,INSERT,MAINTAIN,REFERENCES,SELECT,TRIGGER,TRUNCATE,UPDATE
storage|vector_indexes|r|t|f|anon|SELECT
storage|vector_indexes|r|t|f|authenticated|SELECT
storage|vector_indexes|r|t|f|service_role|SELECT
(621 rows)
